ISOTOPE,Bate # B0/B00,Date,col1,col2,col3,average
131I,8405,10/27/1997,78,91,93,87.33
no DMSO,8405,10/27/1997,90,88,90,89.33
,8405,10/27/1997,80,66,69,71.67
,8405,10/27/1997,63,67,71,67.00
,8405,10/27/1997,44,58,64,55.33
,8405,10/27/1997,38,53,51,47.33
,8405,10/27/1997,247,264,258,256.33
,8405,10/27/1997,46,24,27,32.33
,8405,10/27/1997,64,63,61,62.67
,8405,10/27/1997,77,82,98,85.67
131I,8433,11/24/1997,115,98,109,107.33
,8433,11/24/1997,87,95,98,93.33
,8433,11/24/1997,41,31,38,36.67
,8433,11/24/1997,146,155,178,159.67
,8433,11/24/1997,112,105,104,107.00
,8433,11/24/1997,117,143,136,132.00
,8433,11/24/1997,117,133,114,121.33
,8433,11/24/1997,38,57,53,49.33
,8433,11/24/1997,170,171,176,172.33
,8433,11/24/1997,102,108, ,105.00
131I,8445,12/1/1997,74,100,79,84.33
no match,8445,12/1/1997,85,90,70,81.67
,8445,12/1/1997,38,32,44,38.00
,8445,12/1/1997,28,41,26,31.67
,8445,12/1/1997,28,29,27,28.00
,8445,12/1/1997,103,91,123,105.67
,8445,12/1/1997,114,120,103,112.33
,8445,12/1/1997,26,25,24,25.00
,8445,12/1/1997,160,162,170,164.00
,8445,12/1/1997,104,103,100,102.33
131I,8458,12/15/1997,68,55,61,61.33
,8458,12/15/1997,66,61,65,64.00
,8458,12/15/1997,39,36,38,37.67
,8458,12/15/1997,53,50,47,50.00
,8458,12/15/1997,100,96,98,98.00
,8458,12/15/1997,62,68,77,69.00
,8458,12/15/1997,58,58,59,58.33
,8458,12/15/1997,30,35,37,34.00
,8458,12/15/1997,46,48,44,46.00
,8458,12/15/1997,83,95,87,88.33
131I,8468,12/19/1997,68,68,67,67.67
,8468,12/19/1997,57,62,64,61.00
,8468,12/19/1997,40,32,38,36.67
,8468,12/19/1997,50,48,52,50.00
,8468,12/19/1997,112,100,93,101.67
,8468,12/19/1997,53,64,65,60.67
,8468,12/19/1997,58,49,57,54.67
,8468,12/19/1997,27,28,30,28.33
,8468,12/19/1997,40,38,36,38.00
,8468,12/19/1997,82,78,83,81.00
131I,2087,12/22/1997,182,159,169,170.00
,2087,12/22/1997,155,150,168,157.67
,2087,12/22/1997,150,139,145,144.67
,2087,12/22/1997,130,127,122,126.33
,2087,12/22/1997,111,112,122,115.00
,2087,12/22/1997,174,177,150,167.00
,2087,12/22/1997,164,165,168,165.67
,2087,12/22/1997,151,134,130,138.33
,2087,12/22/1997,128,126,123,125.67
131I,2114,2/9/1998,44,37,44,41.67
,2114,2/9/1998,118,107,113,112.67
,2114,2/9/1998,73,91,93,85.67
,2114,2/9/1998,71,78,66,71.67
,2114,2/9/1998,69,71,68,69.33
,2114,2/9/1998,60,61,62,61.00
,2114,2/9/1998,55,45,60,53.33
,2114,2/9/1998,44,54,53,50.33
,2114,2/9/1998,28,25,31,28.00
131I,2074,2/20/1998,40,41,39,40.00
,2074,2/20/1998,55,34,39,42.67
,2074,2/20/1998,25,29,40,31.33
,2074,2/20/1998,95,98,105,99.33
,2074,2/20/1998,80,73,75,76.00
,2074,2/20/1998,75,100,184,119.67
,2074,2/20/1998,115,136,210,153.67
,2074,2/20/1998,121,91,64,92.00
,2074,2/20/1998,89,89,85,87.67
,2074,2/20/1998,51,54,56,53.67
131I,2061,2/23/1998,50,55,51,52.00
,2061,2/23/1998,72,70,55,65.67
,2061,2/23/1998,47,35,28,36.67
,2061,2/23/1998,94,95,98,95.67
,2061,2/23/1998,67,68,65,66.67
,2061,2/23/1998,57,52,50,53.00
,2061,2/23/1998,74,55,54,61.00
,2061,2/23/1998,28,30,25,27.67
,2061,2/23/1998,50,51,48,49.67
,2061,2/23/1998,29,27,23,26.33
131I,2251,2/27/1998,80,89,90,86.33
,2251,2/27/1998,90,102,81,91.00
,2251,2/27/1998,65,68,67,66.67
,2251,2/27/1998,29,25,26,26.67
,2251,2/27/1998,65,70,59,64.67
,2251,2/27/1998,113,129,138,126.67
,2251,2/27/1998,138,139,150,142.33
,2251,2/27/1998,50,47,47,48.00
,2251,2/27/1998,81,76,80,79.00
,2251,2/27/1998,134,130,128,130.67
131I,2051,3/9/1998,59,55,65,59.67
,2051,3/9/1998,75,55,62,64.00
,2051,3/9/1998,77,70,69,72.00
,2051,3/9/1998,120,125,129,124.67
,2051,3/9/1998,42,38,45,41.67
,2051,3/9/1998,44,46,49,46.33
,2051,3/9/1998,59,56,59,58.00
,2051,3/9/1998,36,41,38,38.33
,2051,3/9/1998,42,46,40,42.67
,2051,3/9/1998,8,6,5,6.33
131I,2241,3/13/1998,65,75,69,69.67
,2241,3/13/1998,60,72,74,68.67
,2241,3/13/1998,57,46,43,48.67
,2241,3/13/1998,160,179,163,167.33
,2241,3/13/1998,48,52,44,48.00
,2241,3/13/1998,87,89,106,94.00
,2241,3/13/1998,96,93,112,100.33
,2241,3/13/1998,25,27,29,27.00
,2241,3/13/1998,36,30,33,33.00
,2241,3/13/1998,79,70,72,73.67
131I,2231,3/16/1998,100,76,86,87.33
,2231,3/16/1998,96,92,94,94.00
,2231,3/16/1998,72,69,70,70.33
,2231,3/16/1998,36,34,32,34.00
,2231,3/16/1998,82,89,76,82.33
,2231,3/16/1998,140,132,152,141.33
,2231,3/16/1998,127,133,133,131.00
,2231,3/16/1998,42,34,50,42.00
,2231,3/16/1998,64,60,58,60.67
,2231,3/16/1998,21,22,20,21.00
131I,8328,3/20/1998,119,125,117,120.33
,8328,3/20/1998,135,139,130,134.67
,8328,3/20/1998,84,85,96,88.33
,8328,3/20/1998,79,78,78,78.33
,8328,3/20/1998,71,63,65,66.33
,8328,3/20/1998,59,54,47,53.33
,8328,3/20/1998,69,75,71,71.67
,8328,3/20/1998,130,127,133,130.00
,8328,3/20/1998,99,111,101,103.67
,8328,3/20/1998,33,38,37,36.00
131I,2220,3/30/1998,79,85,82,82.00
,2220,3/30/1998,69,68,62,66.33
,2220,3/30/1998,30,27,26,27.67
,2220,3/30/1998,99,92,82,91.00
,2220,3/30/1998,36,30,29,31.67
,2220,3/30/1998,130,117,121,122.67
,2220,3/30/1998,43,37,36,38.67
,2220,3/30/1998,65,62,57,61.33
,2220,3/30/1998,26,24,21,23.67
,2220,3/30/1998,40,32,35,35.67
131I,8315,4/3/1998,95,105,119,106.33
,8315,4/3/1998,121,116,125,120.67
,8315,4/3/1998,90,88,82,86.67
,8315,4/3/1998,80,72,76,76.00
,8315,4/3/1998,72,68,65,68.33
,8315,4/3/1998,110,106,112,109.33
,8315,4/3/1998,183,178,172,177.67
,8315,4/3/1998,220,216,230,222.00
,8315,4/3/1998,195,199,211,201.67
,8315,4/3/1998,127,121,129,125.67
125I,13392,4/20/1998,80,68,60,69.33
,13392,4/20/1998,11,14,14,13.00
,13392,4/20/1998,47,49,35,43.67
,13392,4/20/1998,82,90,78,83.33
,13392,4/20/1998,61,40,52,51.00
,13392,4/20/1998,72,82,95,83.00
,13392,4/20/1998,20,28,32,26.67
,13392,4/20/1998,59,53,54,55.33
,13392,4/20/1998,20,27,29,25.33
125I,2346,5/1/1998,149,152,165,155.33
,2346,5/1/1998,150,150,152,150.67
,2346,5/1/1998,130,132,122,128.00
,2346,5/1/1998,106,113,105,108.00
,2346,5/1/1998,95,100,105,100.00
,2346,5/1/1998,82,81,78,80.33
,2346,5/1/1998,95,93,91,93.00
,2346,5/1/1998,140,142,138,140.00
,2346,5/1/1998,160,164,158,160.67
,2346,5/1/1998,95,93,98,95.33
125I,2021,5/4/1998,77,82,88,82.33
,2021,5/4/1998,68,73,79,73.33
,2021,5/4/1998,65,69,68,67.33
,2021,5/4/1998,45,42,47,44.67
,2021,5/4/1998,39,41,38,39.33
,2021,5/4/1998,29,36,34,33.00
,2021,5/4/1998,32,30,29,30.33
,2021,5/4/1998,26,26,25,25.67
,2021,5/4/1998,154,162,149,155.00
,2021,5/4/1998,140,136,130,135.33
125I,13381,5/8/1998,58,54,56,56.00
,13381,5/8/1998,69,61,65,65.00
,13381,5/8/1998,39,33,37,36.33
,13381,5/8/1998,82,97,91,90.00
,13381,5/8/1998,58,45,46,49.67
,13381,5/8/1998,70,75,78,74.33
,13381,5/8/1998,69,68,66,67.67
,13381,5/8/1998,23,29,22,24.67
,13381,5/8/1998,38,40,30,36.00
,13381,5/8/1998,27,25,36,29.33
125I,2331,5/15/1998,125,129,128,127.33
,2331,5/15/1998,110,122,130,120.67
,2331,5/15/1998,105,100,113,106.00
,2331,5/15/1998,90,89,99,92.67
,2331,5/15/1998,74,78,82,78.00
,2331,5/15/1998,90,92,82,88.00
,2331,5/15/1998,98,90,89,92.33
,2331,5/15/1998,120,130,140,130.00
,2331,5/15/1998,189,179,195,187.67
,2331,5/15/1998,129,120,118,122.33
137CS,7933,5/18/1998,65,60,62,62.33
,7933,5/18/1998,59,67,72,66.00
,7933,5/18/1998,64,58,61,61.00
,7933,5/18/1998,52,47,62,53.67
,7933,5/18/1998,42,40,38,40.00
,7933,5/18/1998,41,31,32,34.67
,7933,5/18/1998,28,30,27,28.33
,7933,5/18/1998,25,29,24,26.00
,7933,5/18/1998,88,84,84,85.33
5/21/98acc,7933,5/18/1998,65,62,60,62.33
125I,13368,5/22/1998,59,55,57,57.00
,13368,5/22/1998,56,62,64,60.67
,13368,5/22/1998,33,42,36,37.00
,13368,5/22/1998,120,135,140,131.67
,13368,5/22/1998,38,45,50,44.33
,13368,5/22/1998,77,70,62,69.67
,13368,5/22/1998,65,63,71,66.33
,13368,5/22/1998,26,23,28,25.67
,13368,5/22/1998,35,42,49,42.00
,13368,5/22/1998,48,52,42,47.33
125I,13354,5/25/1998,85,82,87,84.67
,13354,5/25/1998,74,76,78,76.00
,13354,5/25/1998,69,75,72,72.00
,13354,5/25/1998,58,46,52,52.00
,13354,5/25/1998,48,52,40,46.67
,13354,5/25/1998,56,44,50,50.00
,13354,5/25/1998,58,64,60,60.67
,13354,5/25/1998,194,160,184,179.33
,13354,5/25/1998,120,140,116,125.33
,13354,5/25/1998,65,62,63,63.33
125I,2008,5/29/1998,80,72,70,74.00
,2008,5/29/1998,70,60,69,66.33
,2008,5/29/1998,58,78,68,68.00
,2008,5/29/1998,67,57,63,62.33
,2008,5/29/1998,55,49,43,49.00
,2008,5/29/1998,45,47,42,44.67
,2008,5/29/1998,37,29,34,33.33
,2008,5/29/1998,30,33,25,29.33
,2008,5/29/1998,26,24,25,25.00
,2008,5/29/1998,100,91,82,91.00
125I,2318,6/1/1998,130,137,128,131.67
,2318,6/1/1998,125,116,108,116.33
,2318,6/1/1998,82,89,70,80.33
,2318,6/1/1998,48,40,32,40.00
,2318,6/1/1998,200,217,214,210.33
,2318,6/1/1998,144,134,150,142.67
,2318,6/1/1998,132,149,134,138.33
,2318,6/1/1998,27,26,30,27.67
,2318,6/1/1998,61,55,62,59.33
,2318,6/1/1998,76,70,62,69.33
125I,2305,6/5/1998,125,129,130,128.00
,2305,6/5/1998,120,119,135,124.67
,2305,6/5/1998,68,78,74,73.33
,2305,6/5/1998,40,31,35,35.33
,2305,6/5/1998,218,199,184,200.33
,2305,6/5/1998,138,142,136,138.67
,2305,6/5/1998,126,139,132,132.33
,2305,6/5/1998,176,182,170,176.00
,2305,6/5/1998,34,30,38,34.00
,2305,6/5/1998,68,76,60,68.00
125I,13342,6/26/1998,110,119,105,111.33
,13342,6/26/1998,108,99,105,104.00
,13342,6/26/1998,90,97,106,97.67
,13342,6/26/1998,80,66,72,72.67
,13342,6/26/1998,70,60,64,64.67
,13342,6/26/1998,59,62,57,59.33
,13342,6/26/1998,70,75,65,70.00
,13342,6/26/1998,225,220,230,225.00
,13342,6/26/1998,204,209,199,204.00
,13342,6/26/1998,71,76,66,71.00
3H2O,14186,6/29/1998,228,215,214,219.00
,14186,6/29/1998,212,190,209,203.67
,14186,6/29/1998,156,163,148,155.67
,14186,6/29/1998,95,91,80,88.67
,14186,6/29/1998,246,237,231,238.00
,14186,6/29/1998,234,226,210,223.33
,14186,6/29/1998,223,216,225,221.33
,14186,6/29/1998,113,120,106,113.00
,14186,6/29/1998,150,162,150,154.00
,14186,6/29/1998,200,207,193,200.00
3H2O,14175,7/3/1998,180,189,176,181.67
,14175,7/3/1998,190,182,193,188.33
,14175,7/3/1998,144,150,138,144.00
,14175,7/3/1998,82,89,73,81.33
,14175,7/3/1998,39,42,35,38.67
,14175,7/3/1998,210,204,196,203.33
,14175,7/3/1998,215,210,199,208.00
,14175,7/3/1998,51,61,42,51.33
,14175,7/3/1998,120,127,113,120.00
,14175,7/3/1998,168,161,152,160.33
3H2O,14149,7/10/1998,185,170,178,177.67
,14149,7/10/1998,190,214,203,202.33
,14149,7/10/1998,170,182,161,171.00
,14149,7/10/1998,152,150,149,150.33
,14149,7/10/1998,124,142,132,132.67
,14149,7/10/1998,97,86,94,92.33
,14149,7/10/1998,25,28,28,27.00
,14149,7/10/1998,58,62,54,58.00
,14149,7/10/1998,72,79,64,71.67
,14149,7/10/1998,25,26,24,25.00
3H2O,14138,7/13/1998,170,162,181,171.00
,14138,7/13/1998,156,168,169,164.33
,14138,7/13/1998,159,145,154,152.67
,14138,7/13/1998,136,131,142,136.33
,14138,7/13/1998,128,123,118,123.00
,14138,7/13/1998,109,106,118,111.00
,14138,7/13/1998,38,32,37,35.67
,14138,7/13/1998,49,56,44,49.67
,14138,7/13/1998,67,60,53,60.00
,14138,7/13/1998,25,24,25,24.67
3H2O,14164,7/24/1998,161,169,153,161.00
,14164,7/24/1998,150,149,156,151.67
,14164,7/24/1998,117,120,113,116.67
,14164,7/24/1998,78,70,82,76.67
,14164,7/24/1998,40,45,36,40.33
,14164,7/24/1998,140,141,152,144.33
,14164,7/24/1998,139,141,143,141.00
,14164,7/24/1998,57,50,64,57.00
,14164,7/24/1998,180,188,196,188.00
,14164,7/24/1998,244,240,248,244.00
125I,1995,7/27/1998,118,107,105,110.00
,1995,7/27/1998,117,121,118,118.67
,1995,7/27/1998,102,100,89,97.00
,1995,7/27/1998,101,113,113,109.00
,1995,7/27/1998,90,122,119,110.33
,1995,7/27/1998,108,97,98,101.00
,1995,7/27/1998,89,101,112,100.67
,1995,7/27/1998,82,97,83,87.33
,1995,7/27/1998,50,39,47,45.33
3H2O,13617,7/31/1998,212,198,225,211.67
,13617,7/31/1998,196,177,168,180.33
,13617,7/31/1998,170,178,163,170.33
,13617,7/31/1998,125,131,120,125.33
,13617,7/31/1998,110,117,114,113.67
,13617,7/31/1998,116,122,110,116.00
,13617,7/31/1998,218,219,214,217.00
,13617,7/31/1998,52,60,44,52.00
,13617,7/31/1998,43,50,36,43.00
,13617,7/31/1998,27,25,23,25.00
3H2O,13607,8/3/1998,150,165,149,154.67
,13607,8/3/1998,132,147,140,139.67
,13607,8/3/1998,126,135,130,130.33
,13607,8/3/1998,100,109,92,100.33
,13607,8/3/1998,90,93,86,89.67
,13607,8/3/1998,90,95,86,90.33
,13607,8/3/1998,188,195,180,187.67
,13607,8/3/1998,48,58,39,48.33
,13607,8/3/1998,30,39,22,30.33
,13607,8/3/1998,170,177,169,172.00
3H2O,13596,8/7/1998,136,142,151,143.00
,13596,8/7/1998,129,136,139,134.67
,13596,8/7/1998,109,119,100,109.33
,13596,8/7/1998,40,38,43,40.33
,13596,8/7/1998,130,136,143,136.33
,13596,8/7/1998,120,122,124,122.00
,13596,8/7/1998,129,120,119,122.67
,13596,8/7/1998,28,26,24,26.00
,13596,8/7/1998,68,64,61,64.33
,13596,8/7/1998,70,64,67,67.00
3H2O,13583,8/10/1998,150,142,139,143.67
,13583,8/10/1998,131,129,126,128.67
,13583,8/10/1998,116,101,108,108.33
,13583,8/10/1998,36,43,31,36.67
,13583,8/10/1998,185,190,201,192.00
,13583,8/10/1998,106,105,112,107.67
,13583,8/10/1998,92,119,99,103.33
,13583,8/10/1998,40,30,26,32.00
,13583,8/10/1998,32,27,37,32.00
,13583,8/10/1998,40,45,51,45.33
131I,2103,8/24/1998,134,131,142,135.67
,2103,8/24/1998,153,142,139,144.67
,2103,8/24/1998,125,130,127,127.33
,2103,8/24/1998,105,120,108,111.00
,2103,8/24/1998,108,101,93,100.67
,2103,8/24/1998,96,86,100,94.00
,2103,8/24/1998,75,74,79,76.00
,2103,8/24/1998,44,49,52,48.33
,2103,8/24/1998,227,240,238,235.00
,2103,8/24/1998,150,159,131,146.67
131I,8305,8/28/1998,101,92,93,95.33
,8305,8/28/1998,89,95,99,94.33
,8305,8/28/1998,60,66,73,66.33
,8305,8/28/1998,24,28,25,25.67
,8305,8/28/1998,157,148,165,156.67
,8305,8/28/1998,110,108,102,106.67
,8305,8/28/1998,120,112,107,113.00
,8305,8/28/1998,40,51,29,40.00
,8305,8/28/1998,50,58,63,57.00
,8305,8/28/1998,100,114,82,98.67
131I,8295,8/31/1998,109,118,108,111.67
,8295,8/31/1998,111,106,127,114.67
,8295,8/31/1998,85,95,76,85.33
,8295,8/31/1998,48,38,29,38.33
,8295,8/31/1998,226,206,240,224.00
,8295,8/31/1998,134,145,142,140.33
,8295,8/31/1998,115,129,131,125.00
,8295,8/31/1998,48,44,41,44.33
,8295,8/31/1998,59,54,47,53.33
,8295,8/31/1998,109,99,88,98.67
131I,2208,9/4/1998,123,113,136,124.00
,2208,9/4/1998,116,128,108,117.33
,2208,9/4/1998,109,103,106,106.00
,2208,9/4/1998,92,76,86,84.67
,2208,9/4/1998,75,85,66,75.33
,2208,9/4/1998,99,80,88,89.00
,2208,9/4/1998,194,201,187,194.00
,2208,9/4/1998,29,35,24,29.33
,2208,9/4/1998,26,25,23,24.67
,2208,9/4/1998,120,129,136,128.33
210PO,13673,10/1/1998,125,115,132,124.00
,13673,10/1/1998,136,121,129,128.67
,13673,10/1/1998,129,119,115,121.00
,13673,10/1/1998,113,107,117,112.33
,13673,10/1/1998,112,102,91,101.67
,13673,10/1/1998,65,76,84,75.00
,13673,10/1/1998,47,41,35,41.00
,13673,10/1/1998,127,134,119,126.67
,13673,10/1/1998,39,32,24,31.67
,13673,10/1/1998,68,62,68,66.00
117SN,7199,10/13/1998,187,182,190,186.33
,7199,10/13/1998,228,199,213,213.33
,7199,10/13/1998,66,68,61,65.00
,7199,10/13/1998,39,37,44,40.00
,7199,10/13/1998,43,37,33,37.67
,7199,10/13/1998,160,153,175,162.67
,7199,10/13/1998,250,150,170,190.00
,7199,10/13/1998,122,133,125,126.67
,7199,10/13/1998,137,132,131,133.33
,7199,10/13/1998,58,60,50,56.00
117SN,13223,10/13/1998,187,182,190,186.33
,13223,10/13/1998,228,199,213,213.33
,13223,10/13/1998,66,68,61,65.00
,13223,10/13/1998,39,37,44,40.00
,13223,10/13/1998,43,37,33,37.67
,13223,10/13/1998,160,153,175,162.67
,13223,10/13/1998,250,150,170,190.00
,13223,10/13/1998,122,133,125,126.67
,13223,10/13/1998,137,132,131,133.33
,13223,10/13/1998,58,60,50,56.00
210PO,13659,10/19/1998,115,114,112,113.67
,13659,10/19/1998,113,140,146,133.00
,13659,10/19/1998,87,85,88,86.67
,13659,10/19/1998,61,67,64,64.00
,13659,10/19/1998,42,38,44,41.33
,13659,10/19/1998,97,110,113,106.67
,13659,10/19/1998,115,112,105,110.67
,13659,10/19/1998,66,78,70,71.33
,13659,10/19/1998,60,56,59,58.33
,13659,10/19/1998,35,31,36,34.00
137CS,7944,10/23/1998,73,83,75,77.00
,7944,10/23/1998,24,26,29,26.33
,7944,10/23/1998,39,37,43,39.67
,7944,10/23/1998,58,49,67,58.00
,7944,10/23/1998,61,60,68,63.00
,7944,10/23/1998,68,69,78,71.67
210PO,13648,10/26/1998,175,157,153,161.67
,13648,10/26/1998,188,179,192,186.33
,13648,10/26/1998,56,44,63,54.33
,13648,10/26/1998,70,67,69,68.67
,13648,10/26/1998,20,25,21,22.00
,13648,10/26/1998,184,186,198,189.33
,13648,10/26/1998,157,189,180,175.33
,13648,10/26/1998,50,49,52,50.33
,13648,10/26/1998,80,89,79,82.67
,13648,10/26/1998,15,16,19,16.67
117MSN,13213,10/30/1998,160,175,150,161.67
,13213,10/30/1998,152,148,162,154.00
,13213,10/30/1998,190,182,199,190.33
,13213,10/30/1998,158,165,172,165.00
,13213,10/30/1998,37,47,29,37.67
,13213,10/30/1998,99,105,111,105.00
,13213,10/30/1998,56,63,70,63.00
,13213,10/30/1998,25,30,36,30.33
,13213,10/30/1998,21,23,26,23.33
,13213,10/30/1998,63,70,57,63.33
210PO,13637,11/2/1998,110,102,101,104.33
,13637,11/2/1998,103,90,95,96.00
,13637,11/2/1998,121,117,107,115.00
,13637,11/2/1998,20,23,27,23.33
,13637,11/2/1998,107,123,118,116.00
,13637,11/2/1998,125,120,129,124.67
,13637,11/2/1998,100,115,92,102.33
,13637,11/2/1998,131,126,116,124.33
,13637,11/2/1998,30,27,24,27.00
,13637,11/2/1998,68,64,59,63.67
210PO,7882,11/6/1998,124,128,123,125.00
,7882,11/6/1998,164,153,174,163.67
,7882,11/6/1998,74,85,72,77.00
,7882,11/6/1998,55,57,70,60.67
,7882,11/6/1998,33,34,42,36.33
,7882,11/6/1998,108,115,111,111.33
,7882,11/6/1998,34,42,40,38.67
,7882,11/6/1998,30,39,43,37.33
,7882,11/6/1998,14,18,19,17.00
,7882,11/6/1998,2,3,4,3.00
210PO,7871,11/16/1998,98,118,110,108.67
,7871,11/16/1998,142,154,129,141.67
,7871,11/16/1998,96,91,90,92.33
,7871,11/16/1998,67,71,69,69.00
,7871,11/16/1998,44,46,42,44.00
,7871,11/16/1998,23,30,28,27.00
,7871,11/16/1998,70,63,68,67.00
,7871,11/16/1998,36,33,30,33.00
,7871,11/16/1998,91,96,94,93.67
,7871,11/16/1998,51,46,42,46.33
210PO,7821,11/20/1998,145,159,152,152.00
,7821,11/20/1998,135,147,140,140.67
,7821,11/20/1998,58,50,66,58.00
,7821,11/20/1998,23,24,22,23.00
,7821,11/20/1998,11,12,14,12.33
,7821,11/20/1998,162,169,170,167.00
,7821,11/20/1998,159,149,161,156.33
,7821,11/20/1998,38,44,40,40.67
,7821,11/20/1998,56,66,52,58.00
,7821,11/20/1998,39,38,34,37.00
3HThd,1759,11/23/1998,112,95,102,103.00
,1759,11/23/1998,89,79,90,86.00
,1759,11/23/1998,69,61,55,61.67
,1759,11/23/1998,36,41,39,38.67
,1759,11/23/1998,43,40,31,38.00
,1759,11/23/1998,33,28,29,30.00
,1759,11/23/1998,25,23,21,23.00
,1759,11/23/1998,22,24,16,20.67
,1759,11/23/1998,146,149,139,144.67
,1759,11/23/1998,90,74,78,80.67
210PO,7810,11/30/1998,129,121,135,128.33
,7810,11/30/1998,112,139,109,120.00
,7810,11/30/1998,107,99,92,99.33
,7810,11/30/1998,50,57,42,49.67
,7810,11/30/1998,123,130,116,123.00
,7810,11/30/1998,145,155,139,146.33
,7810,11/30/1998,121,132,135,129.33
,7810,11/30/1998,57,48,46,50.33
,7810,11/30/1998,120,109,99,109.33
,7810,11/30/1998,15,19,13,15.67
3HdTHD,1747,12/11/1998,120,111,99,110.00
,1747,12/11/1998,131,121,117,123.00
,1747,12/11/1998,104,114,96,104.67
,1747,12/11/1998,93,100,86,93.00
,1747,12/11/1998,70,78,63,70.33
,1747,12/11/1998,58,68,49,58.33
,1747,12/11/1998,29,22,19,23.33
,1747,12/11/1998,104,115,94,104.33
,1747,12/11/1998,116,126,107,116.33
,1747,12/11/1998,23,29,18,23.33
210PO,7861,12/14/1998,183,194,201,192.67
,7861,12/14/1998,142,160,162,154.67
,7861,12/14/1998,114,116,110,113.33
,7861,12/14/1998,75,84,91,83.33
,7861,12/14/1998,54,50,45,49.67
,7861,12/14/1998,99,120,119,112.67
,7861,12/14/1998,32,20,26,26.00
,7861,12/14/1998,52,44,49,48.33
,7861,12/14/1998,21,20,17,19.33
,7861,12/14/1998,20,15,14,16.33
210PO,7796,12/17/1998,135,145,147,142.33
,7796,12/17/1998,122,130,119,123.67
,7796,12/17/1998,31,27,35,31.00
,7796,12/17/1998,20,24,18,20.67
,7796,12/17/1998,123,134,114,123.67
,7796,12/17/1998,165,152,158,158.33
,7796,12/17/1998,137,129,141,135.67
,7796,12/17/1998,58,62,54,58.00
,7796,12/17/1998,25,27,29,27.00
,7796,12/17/1998,19,22,17,19.33
3HdTHD,1737,12/21/1998,143,159,138,146.67
,1737,12/21/1998,126,129,141,132.00
,1737,12/21/1998,140,135,129,134.67
,1737,12/21/1998,132,129,124,128.33
,1737,12/21/1998,106,113,119,112.67
,1737,12/21/1998,100,92,85,92.33
,1737,12/21/1998,50,43,36,43.00
,1737,12/21/1998,20,17,19,18.67
,1737,12/21/1998,79,70,62,70.33
,1737,12/21/1998,49,38,30,39.00
210PO,7851,12/21/1998,156,166,142,154.67
,7851,12/21/1998,139,149,129,139.00
,7851,12/21/1998,137,130,123,130.00
,7851,12/21/1998,132,140,151,141.00
,7851,12/21/1998,121,125,129,125.00
,7851,12/21/1998,108,100,117,108.33
,7851,12/21/1998,83,91,99,91.00
,7851,12/21/1998,56,64,52,57.33
,7851,12/21/1998,76,70,82,76.00
,7851,12/21/1998,79,72,65,72.00
3HdTHD,8253,1/8/1999,99,89,91,93.00
,8253,1/8/1999,80,74,68,74.00
,8253,1/8/1999,65,71,59,65.00
,8253,1/8/1999,40,48,57,48.33
,8253,1/8/1999,39,34,37,36.67
,8253,1/8/1999,28,26,23,25.67
,8253,1/8/1999,102,110,92,101.33
,8253,1/8/1999,33,47,40,40.00
,8253,1/8/1999,90,84,79,84.33
210PO,7839,1/15/1999,172,161,167,166.67
,7839,1/15/1999,156,149,161,155.33
,7839,1/15/1999,133,140,147,140.00
,7839,1/15/1999,101,112,90,101.00
,7839,1/15/1999,80,86,92,86.00
,7839,1/15/1999,60,69,65,64.67
,7839,1/15/1999,25,32,40,32.33
,7839,1/15/1999,26,29,23,26.00
,7839,1/15/1999,19,22,15,18.67
,7839,1/15/1999,158,162,140,153.33
3HdTHD,8242,1/22/1999,145,139,121,135.00
,8242,1/22/1999,129,119,137,128.33
,8242,1/22/1999,130,135,124,129.67
,8242,1/22/1999,125,115,109,116.33
,8242,1/22/1999,95,101,107,101.00
,8242,1/22/1999,85,92,78,85.00
,8242,1/22/1999,59,69,78,68.67
,8242,1/22/1999,49,58,67,58.00
,8242,1/22/1999,38,44,33,38.33
,8242,1/22/1999,100,95,106,100.33
210PO,7786,1/25/1999,176,162,155,164.33
,7786,1/25/1999,135,145,155,145.00
,7786,1/25/1999,128,135,142,135.00
,7786,1/25/1999,110,127,97,111.33
,7786,1/25/1999,96,108,85,96.33
,7786,1/25/1999,44,46,39,43.00
,7786,1/25/1999,155,162,148,155.00
,7786,1/25/1999,63,70,56,63.00
,7786,1/25/1999,120,112,104,112.00
,7786,1/25/1999,77,68,60,68.33
210PO,7776,1/29/1999,152,169,159,160.00
,7776,1/29/1999,141,146,150,145.67
,7776,1/29/1999,133,138,143,138.00
,7776,1/29/1999,110,117,124,117.00
,7776,1/29/1999,92,100,107,99.67
,7776,1/29/1999,43,48,54,48.33
,7776,1/29/1999,36,42,50,42.67
,7776,1/29/1999,63,70,77,70.00
,7776,1/29/1999,116,126,107,116.33
,7776,1/29/1999,73,80,88,80.33
3HdTHD,1681,2/5/1999,150,135,139,141.33
,1681,2/5/1999,129,140,131,133.33
,1681,2/5/1999,107,100,98,101.67
,1681,2/5/1999,111,109,107,109.00
,1681,2/5/1999,35,40,29,34.67
,1681,2/5/1999,18,20,16,18.00
,1681,2/5/1999,13,13,14,13.33
,1681,2/5/1999,40,47,32,39.67
,1681,2/5/1999,146,157,167,156.67
,1681,2/5/1999,14,16,15,15.00
3HdTHD,8140,2/12/1999,120,135,118,124.33
,8140,2/12/1999,125,137,113,125.00
,8140,2/12/1999,115,120,129,121.33
,8140,2/12/1999,114,104,124,114.00
,8140,2/12/1999,112,118,123,117.67
,8140,2/12/1999,141,150,160,150.33
,8140,2/12/1999,219,225,232,225.33
,8140,2/12/1999,37,42,33,37.33
,8140,2/12/1999,42,46,50,46.00
,8140,2/12/1999,50,57,65,57.33
3HdTHD,8127,2/22/1999,130,149,142,140.33
,8127,2/22/1999,131,137,143,137.00
,8127,2/22/1999,123,131,138,130.67
,8127,2/22/1999,128,134,140,134.00
,8127,2/22/1999,125,130,136,130.33
,8127,2/22/1999,115,126,137,126.00
,8127,2/22/1999,17,20,24,20.33
,8127,2/22/1999,29,35,41,35.00
,8127,2/22/1999,62,70,54,62.00
,8127,2/22/1999,70,79,62,70.33
3HdTHD,8104,2/26/1999,129,131,120,126.67
,8104,2/26/1999,115,109,117,113.67
,8104,2/26/1999,111,115,120,115.33
,8104,2/26/1999,103,113,94,103.33
,8104,2/26/1999,89,94,100,94.33
,8104,2/26/1999,66,75,85,75.33
,8104,2/26/1999,56,63,70,63.00
,8104,2/26/1999,53,58,64,58.33
,8104,2/26/1999,54,56,53,54.33
,8104,2/26/1999,38,46,55,46.33
3HdTHD,8094,3/1/1999,145,137,129,137.00
,8094,3/1/1999,121,115,135,123.67
,8094,3/1/1999,116,125,134,125.00
,8094,3/1/1999,108,114,119,113.67
,8094,3/1/1999,98,107,117,107.33
,8094,3/1/1999,80,90,99,89.67
,8094,3/1/1999,78,84,90,84.00
,8094,3/1/1999,61,70,78,69.67
,8094,3/1/1999,65,75,56,65.33
,8094,3/1/1999,37,27,48,37.33
3HdTHD,8118,3/5/1999,145,165,153,154.33
,8118,3/5/1999,140,147,153,146.67
,8118,3/5/1999,139,148,157,148.00
,8118,3/5/1999,123,130,137,130.00
,8118,3/5/1999,109,118,128,118.33
,8118,3/5/1999,145,154,164,154.33
,8118,3/5/1999,67,75,84,75.33
,8118,3/5/1999,72,88,56,72.00
,8118,3/5/1999,58,66,50,58.00
,8118,3/5/1999,66,75,56,65.67
3HdTHD,1668,3/8/1999,155,160,149,154.67
,1668,3/8/1999,145,139,152,145.33
,1668,3/8/1999,21,20,17,19.33
,1668,3/8/1999,23,26,21,23.33
,1668,3/8/1999,2,2,1,1.67
,1668,3/8/1999,174,185,170,176.33
,1668,3/8/1999,169,172,177,172.67
,1668,3/8/1999,25,27,29,27.00
,1668,3/8/1999,26,30,35,30.33
,1668,3/8/1999,2,3,3,2.67
,1668,3/8/1999,182,169,178,176.33
,1668,3/8/1999,177,161,163,167.00
,1668,3/8/1999,26,31,37,31.33
,1668,3/8/1999,22,26,29,25.67
,1668,3/8/1999,2,2,2,2.00
3HdTHD,1658,3/12/1999,160,155,168,161.00
,1658,3/12/1999,152,157,161,156.67
,1658,3/12/1999,17,22,27,22.00
,1658,3/12/1999,23,30,38,30.33
,1658,3/12/1999,3,2,4,3.00
,1658,3/12/1999,156,142,150,149.33
,1658,3/12/1999,143,149,145,145.67
,1658,3/12/1999,18,25,30,24.33
,1658,3/12/1999,14,19,25,19.33
,1658,3/12/1999,3,4,5,4.00
,1658,3/12/1999,160,167,172,166.33
,1658,3/12/1999,151,149,165,155.00
,1658,3/12/1999,20,24,28,24.00
,1658,3/12/1999,23,27,35,28.33
,1658,3/12/1999,3,3,2,2.67
3HdTHD,8220,3/19/1999,150,142,149,147.00
,8220,3/19/1999,135,149,120,134.67
,8220,3/19/1999,135,145,126,135.33
,8220,3/19/1999,105,115,127,115.67
,8220,3/19/1999,95,104,114,104.33
,8220,3/19/1999,77,84,94,85.00
,8220,3/19/1999,58,67,77,67.33
,8220,3/19/1999,45,53,61,53.00
,8220,3/19/1999,47,35,23,35.00
,8220,3/19/1999,85,92,77,84.67
3HdTHD,8210,3/29/1999,165,151,149,155.00
,8210,3/29/1999,145,157,150,150.67
,8210,3/29/1999,155,136,146,145.67
,8210,3/29/1999,128,135,142,135.00
,8210,3/29/1999,104,116,127,115.67
,8210,3/29/1999,91,98,107,98.67
,8210,3/29/1999,63,69,77,69.67
,8210,3/29/1999,53,61,70,61.33
,8210,3/29/1999,26,32,40,32.67
,8210,3/29/1999,114,122,106,114.00
3HdTHD,8197,4/9/1999,140,155,159,151.33
,8197,4/9/1999,132,139,149,140.00
,8197,4/9/1999,131,129,125,128.33
,8197,4/9/1999,152,147,130,143.00
,8197,4/9/1999,116,126,107,116.33
,8197,4/9/1999,104,112,96,104.00
,8197,4/9/1999,75,86,97,86.00
,8197,4/9/1999,73,80,66,73.00
,8197,4/9/1999,47,56,65,56.00
,8197,4/9/1999,32,37,42,37.00
3HdTHD,8182,5/14/1999,122,135,119,125.33
,8182,5/14/1999,140,129,137,135.33
,8182,5/14/1999,120,125,131,125.33
,8182,5/14/1999,104,111,97,104.00
,8182,5/14/1999,93,100,88,93.67
,8182,5/14/1999,82,88,93,87.67
,8182,5/14/1999,70,79,89,79.33
,8182,5/14/1999,48,61,54,54.33
,8182,5/14/1999,30,35,41,35.33
,8182,5/14/1999,16,20,25,20.33
3HdTHD,8171,5/21/1999,140,135,129,134.67
,8171,5/21/1999,119,137,121,125.67
,8171,5/21/1999,122,127,135,128.00
,8171,5/21/1999,95,110,103,102.67
,8171,5/21/1999,86,96,106,96.00
,8171,5/21/1999,74,96,85,85.00
,8171,5/21/1999,43,50,57,50.00
,8171,5/21/1999,43,32,22,32.33
,8171,5/21/1999,18,26,21,21.67
,8171,5/21/1999,103,123,114,113.33
3HdTHD,8051,6/7/1999,111,107,119,112.33
,8051,6/7/1999,132,125,115,124.00
,8051,6/7/1999,106,120,113,113.00
,8051,6/7/1999,96,105,115,105.33
,8051,6/7/1999,100,117,84,100.33
,8051,6/7/1999,104,93,82,93.00
,8051,6/7/1999,86,63,75,74.67
,8051,6/7/1999,62,48,50,53.33
,8051,6/7/1999,55,62,48,55.00
,8051,6/7/1999,47,23,34,34.67
3HdTHD,8041,6/18/1999,135,149,152,145.33
,8041,6/18/1999,125,141,121,129.00
,8041,6/18/1999,88,95,102,95.00
,8041,6/18/1999,85,96,73,84.67
,8041,6/18/1999,32,42,49,41.00
,8041,6/18/1999,15,20,26,20.33
,8041,6/18/1999,123,130,117,123.33
,8041,6/18/1999,89,95,101,95.00
,8041,6/18/1999,48,57,67,57.33
,8041,6/18/1999,82,92,87,87.00
3HdTHD,8029,6/28/1999,149,162,151,154.00
,8029,6/28/1999,140,135,122,132.33
,8029,6/28/1999,131,123,117,123.67
,8029,6/28/1999,103,109,115,109.00
,8029,6/28/1999,105,115,96,105.33
,8029,6/28/1999,96,103,110,103.00
,8029,6/28/1999,111,93,85,96.33
,8029,6/28/1999,69,75,82,75.33
,8029,6/28/1999,45,38,31,38.00
,8029,6/28/1999,23,27,32,27.33
3HdTHD,8019,7/5/1999,121,132,145,132.67
,8019,7/5/1999,119,117,111,115.67
,8019,7/5/1999,118,108,99,108.33
,8019,7/5/1999,96,89,83,89.33
,8019,7/5/1999,82,87,77,82.00
,8019,7/5/1999,73,80,67,73.33
,8019,7/5/1999,44,53,35,44.00
,8019,7/5/1999,23,19,15,19.00
,8019,7/5/1999,110,131,120,120.33
,8019,7/5/1999,73,77,82,77.33
3HdTHD,8083,7/8/1999,120,115,130,121.67
,8083,7/8/1999,115,107,119,113.67
,8083,7/8/1999,117,107,98,107.33
,8083,7/8/1999,98,77,87,87.33
,8083,7/8/1999,73,80,67,73.33
,8083,7/8/1999,57,73,65,65.00
,8083,7/8/1999,62,55,49,55.33
,8083,7/8/1999,48,54,60,54.00
,8083,7/8/1999,29,38,48,38.33
,8083,7/8/1999,16,27,22,21.67
3HdTHD,8073,7/19/1999,130,149,122,133.67
,8073,7/19/1999,142,129,115,128.67
,8073,7/19/1999,114,122,130,122.00
,8073,7/19/1999,98,83,90,90.33
,8073,7/19/1999,76,86,67,76.33
,8073,7/19/1999,63,67,72,67.33
,8073,7/19/1999,47,56,66,56.33
,8073,7/19/1999,47,53,41,47.00
,8073,7/19/1999,32,41,36,36.33
,8073,7/19/1999,128,152,140,140.00
3HdTHD,8008,7/23/1999,125,132,119,125.33
,8008,7/23/1999,145,130,125,133.33
,8008,7/23/1999,116,125,135,125.33
,8008,7/23/1999,99,106,113,106.00
,8008,7/23/1999,89,100,112,100.33
,8008,7/23/1999,99,84,91,91.33
,8008,7/23/1999,72,90,81,81.00
,8008,7/23/1999,67,73,80,73.33
,8008,7/23/1999,75,82,68,75.00
,8008,7/23/1999,50,41,32,41.00
3HdTHD,7999,8/2/1999,135,122,119,125.33
,7999,8/2/1999,118,107,129,118.00
,7999,8/2/1999,113,103,92,102.67
,7999,8/2/1999,101,93,86,93.33
,7999,8/2/1999,76,82,70,76.00
,7999,8/2/1999,38,29,47,38.00
,7999,8/2/1999,16,21,26,21.00
,7999,8/2/1999,98,107,88,97.67
,7999,8/2/1999,18,21,25,21.33
,7999,8/2/1999,31,25,20,25.33
3HdTHD,7987,8/6/1999,110,107,99,105.33
,7987,8/6/1999,120,115,109,114.67
,7987,8/6/1999,111,103,96,103.33
,7987,8/6/1999,93,100,87,93.33
,7987,8/6/1999,82,90,99,90.33
,7987,8/6/1999,69,88,78,78.33
,7987,8/6/1999,53,59,65,59.00
,7987,8/6/1999,60,54,49,54.33
,7987,8/6/1999,41,48,55,48.00
,7987,8/6/1999,23,24,27,24.67
3HdTHD,7976,8/9/1999,130,145,155,143.33
,7976,8/9/1999,129,151,135,138.33
,7976,8/9/1999,125,134,143,134.00
,7976,8/9/1999,124,130,118,124.00
,7976,8/9/1999,109,115,122,115.33
,7976,8/9/1999,92,108,101,100.33
,7976,8/9/1999,51,60,69,60.00
,7976,8/9/1999,49,54,60,54.33
,7976,8/9/1999,39,45,52,45.33
,7976,8/9/1999,115,126,137,126.00
125I,1465,9/6/1999,160,151,142,151.00
,1465,9/6/1999,135,149,129,137.67
,1465,9/6/1999,137,127,117,127.00
,1465,9/6/1999,69,81,92,80.67
,1465,9/6/1999,46,35,55,45.33
,1465,9/6/1999,147,159,168,158.00
,1465,9/6/1999,22,29,36,29.00
,1465,9/6/1999,39,44,49,44.00
,1465,9/6/1999,11,9,7,9.00
125I,1454,9/10/1999,159,167,147,157.67
,1454,9/10/1999,129,140,137,135.33
,1454,9/10/1999,125,132,140,132.33
,1454,9/10/1999,95,102,110,102.33
,1454,9/10/1999,40,47,54,47.00
,1454,9/10/1999,23,28,33,28.00
,1454,9/10/1999,79,88,98,88.33
,1454,9/10/1999,37,52,33,40.67
,1454,9/10/1999,7,9,11,9.00
,1454,9/10/1999,3,4,5,4.00
3HdTHD,11688,9/20/1999,85,72,92,83.00
,11688,9/20/1999,15,21,12,16.00
,11688,9/20/1999,7,5,6,6.00
,11688,9/20/1999,3,1,4,2.67
137CS,7900,10/1/1999,140,166,152,152.67
,7900,10/1/1999,135,149,157,147.00
,7900,10/1/1999,52,63,73,62.67
,7900,10/1/1999,36,41,31,36.00
,7900,10/1/1999,53,60,68,60.33
,7900,10/1/1999,121,115,139,125.00
,7900,10/1/1999,137,152,144,144.33
,7900,10/1/1999,69,75,82,75.33
,7900,10/1/1999,47,56,66,56.33
,7900,10/1/1999,100,111,121,110.67
125I,1863,10/4/1999,165,141,153,153.00
,1863,10/4/1999,135,152,149,145.33
,1863,10/4/1999,129,134,140,134.33
,1863,10/4/1999,109,119,128,118.67
,1863,10/4/1999,108,97,87,97.33
,1863,10/4/1999,67,74,61,67.33
,1863,10/4/1999,20,30,41,30.33
,1863,10/4/1999,60,68,76,68.00
,1863,10/4/1999,40,30,21,30.33
,1863,10/4/1999,6,9,11,8.67
125I,1853,10/8/1999,160,141,157,152.67
,1853,10/8/1999,137,149,158,148.00
,1853,10/8/1999,131,138,126,131.67
,1853,10/8/1999,106,125,115,115.33
,1853,10/8/1999,89,95,102,95.33
,1853,10/8/1999,48,53,42,47.67
,1853,10/8/1999,30,36,42,36.00
,1853,10/8/1999,38,47,29,38.00
,1853,10/8/1999,51,56,61,56.00
,1853,10/8/1999,2,3,4,3.00
137CS,7899,10/11/1999,150,166,149,155.00
,7899,10/11/1999,137,129,152,139.33
,7899,10/11/1999,121,137,145,134.33
,7899,10/11/1999,152,130,119,133.67
,7899,10/11/1999,117,125,139,127.00
,7899,10/11/1999,165,147,155,155.67
,7899,10/11/1999,141,159,139,146.33
,7899,10/11/1999,129,125,138,130.67
,7899,10/11/1999,147,152,118,139.00
,7899,10/11/1999,167,145,149,153.67
125I,1926,10/22/1999,137,123,145,135.00
,1926,10/22/1999,119,127,131,125.67
,1926,10/22/1999,132,126,121,126.33
,1926,10/22/1999,106,115,124,115.00
,1926,10/22/1999,99,107,116,107.33
,1926,10/22/1999,91,95,100,95.33
,1926,10/22/1999,72,65,59,65.33
,1926,10/22/1999,32,49,60,47.00
,1926,10/22/1999,24,30,19,24.33
,1926,10/22/1999,91,99,84,91.33
3HdTHD,13445,11/9/1999,134,144,146,141.33
,13445,11/9/1999,112,100,116,109.33
,13445,11/9/1999,95,99,102,98.67
,13445,11/9/1999,70,72,76,72.67
,13445,11/9/1999,34,40,25,33.00
,13445,11/9/1999,91,90,82,87.67
,13445,11/9/1999,43,45,46,44.67
,13445,11/9/1999,16,15,23,18.00
3HdTHD,8230,11/15/1999,156,166,149,157.00
,8230,11/15/1999,139,149,152,146.67
,8230,11/15/1999,137,146,157,146.67
,8230,11/15/1999,145,131,138,138.00
,8230,11/15/1999,137,126,116,126.33
,8230,11/15/1999,115,112,130,119.00
,8230,11/15/1999,95,102,88,95.00
,8230,11/15/1999,68,87,76,77.00
,8230,11/15/1999,68,77,72,72.33
,8230,11/15/1999,40,32,24,32.00
3HdTHD,1642,11/22/1999,102,96,108,102.00
,1642,11/22/1999,90,88,94,90.67
,1642,11/22/1999,81,98,89,89.33
,1642,11/22/1999,79,81,85,81.67
,1642,11/22/1999,72,69,74,71.67
,1642,11/22/1999,59,53,51,54.33
,1642,11/22/1999,293,283,299,291.67
,1642,11/22/1999,103,111,106,106.67
,1642,11/22/1999,54,63,50,55.67
,1642,11/22/1999,55,57,44,52.00
3HdTHD,13434,12/13/1999,170,181,185,178.67
,13434,12/13/1999,169,179,178,175.33
,13434,12/13/1999,108,99,117,108.00
,13434,12/13/1999,45,54,64,54.33
,13434,12/13/1999,86,90,95,90.33
,13434,12/13/1999,31,36,42,36.33
,13434,12/13/1999,3,4,5,4.00
,13434,12/13/1999,1,1,0,0.67
3HdTHD,1628,12/17/1999,148,159,162,156.33
,1628,12/17/1999,165,172,157,164.67
,1628,12/17/1999,123,129,136,129.33
,1628,12/17/1999,58,68,79,68.33
,1628,12/17/1999,129,118,137,128.00
,1628,12/17/1999,81,90,72,81.00
,1628,12/17/1999,12,21,16,16.33
,1628,12/17/1999,135,149,151,145.00
,1628,12/17/1999,141,129,137,135.67
,1628,12/17/1999,123,117,112,117.33
,1628,12/17/1999,73,82,92,82.33
,1628,12/17/1999,23,26,20,23.00
,1628,12/17/1999,39,50,42,43.67
,1628,12/17/1999,99,112,88,99.67
3HdTHD,1726,12/28/1999,155,165,142,154.00
,1726,12/28/1999,135,129,145,136.33
,1726,12/28/1999,49,58,68,58.33
,1726,12/28/1999,89,101,110,100.00
,1726,12/28/1999,68,62,75,68.33
,1726,12/28/1999,12,15,9,12.00
,1726,12/28/1999,5,7,9,7.00
,1726,12/28/1999,175,185,181,180.33
,1726,12/28/1999,169,173,160,167.33
,1726,12/28/1999,51,56,62,56.33
,1726,12/28/1999,112,104,119,111.67
,1726,12/28/1999,75,87,64,75.33
,1726,12/28/1999,27,35,44,35.33
,1726,12/28/1999,9,14,20,14.33
3HdTHD,1714,1/7/2000,157,162,149,156.00
,1714,1/7/2000,168,172,159,166.33
,1714,1/7/2000,106,99,93,99.33
,1714,1/7/2000,98,87,77,87.33
,1714,1/7/2000,79,80,92,83.67
,1714,1/7/2000,37,32,28,32.33
,1714,1/7/2000,39,48,57,48.00
,1714,1/7/2000,142,138,132,137.33
,1714,1/7/2000,131,129,119,126.33
,1714,1/7/2000,36,44,51,43.67
,1714,1/7/2000,18,26,37,27.00
,1714,1/7/2000,40,47,34,40.33
,1714,1/7/2000,132,139,118,129.67
,1714,1/7/2000,20,16,13,16.33
3HdTHD,8163,1/13/2000,150,161,147,152.67
,8163,1/13/2000,139,151,159,149.67
,8163,1/13/2000,84,90,97,90.33
,8163,1/13/2000,40,45,51,45.33
,8163,1/13/2000,12,15,13,13.33
,8163,1/13/2000,17,15,14,15.33
,8163,1/13/2000,17,23,30,23.33
,8163,1/13/2000,165,160,179,168.00
,8163,1/13/2000,160,149,152,153.67
,8163,1/13/2000,48,56,62,55.33
,8163,1/13/2000,27,33,40,33.33
,8163,1/13/2000,15,17,19,17.00
,8163,1/13/2000,19,26,32,25.67
,8163,1/13/2000,1,2,1,1.33
3HdTHD,8153,1/20/2000,140,148,137,141.67
,8153,1/20/2000,161,152,157,156.67
,8153,1/20/2000,105,112,120,112.33
,8153,1/20/2000,67,72,63,67.33
,8153,1/20/2000,13,20,16,16.33
,8153,1/20/2000,24,37,30,30.33
,8153,1/20/2000,38,43,49,43.33
,8153,1/20/2000,169,152,160,160.33
,8153,1/20/2000,142,138,129,136.33
,8153,1/20/2000,95,104,114,104.33
,8153,1/20/2000,35,44,54,44.33
,8153,1/20/2000,60,68,53,60.33
,8153,1/20/2000,60,67,52,59.67
,8153,1/20/2000,11,7,5,7.67
3HdTHD,1618,1/21/2000,158,148,152,152.67
,1618,1/21/2000,141,139,156,145.33
,1618,1/21/2000,130,138,123,130.33
,1618,1/21/2000,49,60,54,54.33
,1618,1/21/2000,97,103,91,97.00
,1618,1/21/2000,67,58,76,67.00
,1618,1/21/2000,16,13,11,13.33
,1618,1/21/2000,132,142,129,134.33
,1618,1/21/2000,140,128,131,133.00
,1618,1/21/2000,113,120,128,120.33
,1618,1/21/2000,77,83,90,83.33
,1618,1/21/2000,13,16,20,16.33
,1618,1/21/2000,43,51,60,51.33
,1618,1/21/2000,80,90,71,80.33
3HdTHD,8063,1/31/2000,168,157,149,158.00
,8063,1/31/2000,151,142,138,143.67
,8063,1/31/2000,97,105,115,105.67
,8063,1/31/2000,75,64,84,74.33
,8063,1/31/2000,36,45,52,44.33
,8063,1/31/2000,32,25,40,32.33
,8063,1/31/2000,62,75,89,75.33
,8063,1/31/2000,170,158,162,163.33
,8063,1/31/2000,147,156,160,154.33
,8063,1/31/2000,92,109,100,100.33
,8063,1/31/2000,64,69,77,70.00
,8063,1/31/2000,26,35,45,35.33
,8063,1/31/2000,12,15,20,15.67
,8063,1/31/2000,24,32,41,32.33
3HdTHD,1607,2/14/2000,157,139,142,146.00
,1607,2/14/2000,88,96,105,96.33
,1607,2/14/2000,23,25,27,25.00
,1607,2/14/2000,95,103,112,103.33
,1607,2/14/2000,83,92,87,87.33
,1607,2/14/2000,132,141,129,134.00
,1607,2/14/2000,99,108,118,108.33
,1607,2/14/2000,71,78,96,81.67
,1607,2/14/2000,27,33,40,33.33
,1607,2/14/2000,130,120,109,119.67
3HdTHD,1699,3/6/2000,126,139,119,128.00
,1699,3/6/2000,109,120,115,114.67
,1699,3/6/2000,104,115,124,114.33
,1699,3/6/2000,98,107,117,107.33
,1699,3/6/2000,100,109,92,100.33
,1699,3/6/2000,95,88,102,95.00
,1699,3/6/2000,80,89,72,80.33
,1699,3/6/2000,67,87,76,76.67
,1699,3/6/2000,76,83,90,83.00
,1699,3/6/2000,68,79,59,68.67
,1699,3/6/2000,43,51,61,51.67
,1699,3/6/2000,37,44,52,44.33
117MSN,13186,3/31/2000,145,155,139,146.33
,13186,3/31/2000,150,161,172,161.00
,13186,3/31/2000,132,136,140,136.00
,13186,3/31/2000,130,142,123,131.67
,13186,3/31/2000,120,127,114,120.33
,13186,3/31/2000,106,116,97,106.33
,13186,3/31/2000,83,90,77,83.33
,13186,3/31/2000,59,65,72,65.33
,13186,3/31/2000,27,34,42,34.33
,13186,3/31/2000,13,17,25,18.33
117MSN,13176,4/7/2000,135,145,152,144.00
,13176,4/7/2000,129,121,119,123.00
,13176,4/7/2000,100,109,119,109.33
,13176,4/7/2000,69,75,82,75.33
,13176,4/7/2000,87,93,100,93.33
,13176,4/7/2000,58,67,77,67.33
,13176,4/7/2000,107,117,98,107.33
,13176,4/7/2000,33,55,45,44.33
,13176,4/7/2000,19,24,30,24.33
,13176,4/7/2000,5,7,9,7.00
125I,1444,6/23/2000,172,162,159,164.33
,1444,6/23/2000,153,160,149,154.00
,1444,6/23/2000,146,157,138,147.00
,1444,6/23/2000,125,110,97,110.67
,1444,6/23/2000,65,60,72,65.67
,1444,6/23/2000,30,52,41,41.00
,1444,6/23/2000,12,16,25,17.67
,1444,6/23/2000,21,27,18,22.00
,1444,6/23/2000,3,4,3,3.33
,1444,6/23/2000,2,2,1,1.67
125I,1916,6/30/2000,110,109,117,112.00
,1916,6/30/2000,97,115,121,111.00
,1916,6/30/2000,110,100,90,100.00
,1916,6/30/2000,82,87,78,82.33
,1916,6/30/2000,59,77,68,68.00
,1916,6/30/2000,67,58,49,58.00
,1916,6/30/2000,41,50,33,41.33
,1916,6/30/2000,67,78,54,66.33
,1916,6/30/2000,20,28,39,29.00
,1916,6/30/2000,17,26,12,18.33
125I,1843,7/3/2000,135,147,129,137.00
,1843,7/3/2000,121,111,118,116.67
,1843,7/3/2000,107,114,124,115.00
,1843,7/3/2000,110,119,99,109.33
,1843,7/3/2000,75,67,60,67.33
,1843,7/3/2000,38,45,56,46.33
,1843,7/3/2000,32,27,21,26.67
,1843,7/3/2000,83,101,117,100.33
,1843,7/3/2000,80,120,160,120.00
,1843,7/3/2000,11,7,4,7.33
125I,1832,7/24/2000,135,161,149,148.33
,1832,7/24/2000,122,149,151,140.67
,1832,7/24/2000,97,108,88,97.67
,1832,7/24/2000,65,75,87,75.67
,1832,7/24/2000,160,142,176,159.33
,1832,7/24/2000,35,44,54,44.33
,1832,7/24/2000,66,73,80,73.00
,1832,7/24/2000,156,166,169,163.67
,1832,7/24/2000,161,149,150,153.33
,1832,7/24/2000,63,82,71,72.00
,1832,7/24/2000,52,59,66,59.00
,1832,7/24/2000,91,80,72,81.00
,1832,7/24/2000,111,121,98,110.00
,1832,7/24/2000,9,14,20,14.33
125I,1403,7/28/2000,135,149,165,149.67
,1403,7/28/2000,152,119,139,136.67
,1403,7/28/2000,107,117,95,106.33
,1403,7/28/2000,64,82,73,73.00
,1403,7/28/2000,51,60,69,60.00
,1403,7/28/2000,36,45,27,36.00
,1403,7/28/2000,21,25,27,24.33
,1403,7/28/2000,16,19,13,16.00
,1403,7/28/2000,58,69,49,58.67
,1403,7/28/2000,10,19,15,14.67
125I,1822,7/31/2000,107,119,105,110.33
,1822,7/31/2000,99,101,89,96.33
,1822,7/31/2000,73,66,60,66.33
,1822,7/31/2000,41,49,59,49.67
,1822,7/31/2000,16,25,20,20.33
,1822,7/31/2000,39,47,58,48.00
,1822,7/31/2000,55,64,73,64.00
,1822,7/31/2000,120,117,110,115.67
,1822,7/31/2000,107,100,92,99.67
,1822,7/31/2000,54,63,73,63.33
,1822,7/31/2000,29,42,35,35.33
,1822,7/31/2000,24,18,14,18.67
,1822,7/31/2000,75,84,69,76.00
,1822,7/31/2000,8,6,4,6.00
125I,1393,8/7/2000,111,105,95,103.67
,1393,8/7/2000,125,135,119,126.33
,1393,8/7/2000,89,102,117,102.67
,1393,8/7/2000,82,70,89,80.33
,1393,8/7/2000,83,74,64,73.67
,1393,8/7/2000,58,67,49,58.00
,1393,8/7/2000,18,22,15,18.33
,1393,8/7/2000,22,19,17,19.33
,1393,8/7/2000,23,26,30,26.33
,1393,8/7/2000,12,15,17,14.67
125I,1384,8/11/2000,110,117,99,108.67
,1384,8/11/2000,99,101,102,100.67
,1384,8/11/2000,46,55,67,56.00
,1384,8/11/2000,21,31,15,22.33
,1384,8/11/2000,107,115,125,115.67
,1384,8/11/2000,73,82,64,73.00
,1384,8/11/2000,13,16,20,16.33
,1384,8/11/2000,132,125,118,125.00
,1384,8/11/2000,117,109,115,113.67
,1384,8/11/2000,67,77,58,67.33
,1384,8/11/2000,30,36,24,30.00
,1384,8/11/2000,18,21,23,20.67
,1384,8/11/2000,95,107,87,96.33
,1384,8/11/2000,13,15,18,15.33
125I,1811,8/14/2000,131,111,119,120.33
,1811,8/14/2000,143,129,107,126.33
,1811,8/14/2000,39,48,58,48.33
,1811,8/14/2000,22,30,37,29.67
,1811,8/14/2000,19,20,22,20.33
,1811,8/14/2000,47,55,65,55.67
,1811,8/14/2000,90,99,80,89.67
,1811,8/14/2000,151,149,161,153.67
,1811,8/14/2000,143,137,129,136.33
,1811,8/14/2000,38,48,29,38.33
,1811,8/14/2000,16,18,14,16.00
,1811,8/14/2000,65,72,80,72.33
,1811,8/14/2000,24,30,37,30.33
,1811,8/14/2000,9,7,6,7.33
125I,1907,8/14/2000,138,156,121,138.33
,1907,8/14/2000,129,119,109,119.00
,1907,8/14/2000,105,95,87,95.67
,1907,8/14/2000,70,81,68,73.00
,1907,8/14/2000,19,20,22,20.33
,1907,8/14/2000,78,68,99,81.67
,1907,8/14/2000,155,165,148,156.00
,1907,8/14/2000,151,142,138,143.67
,1907,8/14/2000,117,129,137,127.67
,1907,8/14/2000,63,90,76,76.33
,1907,8/14/2000,58,60,71,63.00
,1907,8/14/2000,95,107,87,96.33
,1907,8/14/2000,17,26,37,26.67
,1907,8/14/2000,48,54,60,54.00
125I,1896,8/18/2000,165,155,147,155.67
,1896,8/18/2000,139,149,141,143.00
,1896,8/18/2000,115,105,97,105.67
,1896,8/18/2000,95,84,75,84.67
,1896,8/18/2000,10,13,15,12.67
,1896,8/18/2000,43,52,34,43.00
,1896,8/18/2000,13,30,21,21.33
,1896,8/18/2000,123,137,141,133.67
,1896,8/18/2000,111,119,126,118.67
,1896,8/18/2000,92,82,74,82.67
,1896,8/18/2000,83,73,62,72.67
,1896,8/18/2000,69,76,82,75.67
,1896,8/18/2000,70,63,57,63.33
,1896,8/18/2000,24,30,19,24.33
125I,1800,9/25/2000,111,119,107,112.33
,1800,9/25/2000,98,89,72,86.33
,1800,9/25/2000,47,56,66,56.33
,1800,9/25/2000,43,32,24,33.00
,1800,9/25/2000,22,24,20,22.00
,1800,9/25/2000,88,78,97,87.67
,1800,9/25/2000,22,18,15,18.33
,1800,9/25/2000,109,113,110,110.67
,1800,9/25/2000,99,97,89,95.00
,1800,9/25/2000,55,45,36,45.33
,1800,9/25/2000,29,26,24,26.33
,1800,9/25/2000,14,16,12,14.00
,1800,9/25/2000,15,17,13,15.00
,1800,9/25/2000,70,63,56,63.00
125I,1885,10/2/2000,137,142,157,145.33
,1885,10/2/2000,119,109,121,116.33
,1885,10/2/2000,102,112,94,102.67
,1885,10/2/2000,80,90,72,80.67
,1885,10/2/2000,11,14,16,13.67
,1885,10/2/2000,34,40,47,40.33
,1885,10/2/2000,36,27,19,27.33
,1885,10/2/2000,117,121,132,123.33
,1885,10/2/2000,149,151,139,146.33
,1885,10/2/2000,78,88,99,88.33
,1885,10/2/2000,55,62,70,62.33
,1885,10/2/2000,38,44,31,37.67
,1885,10/2/2000,81,90,72,81.00
,1885,10/2/2000,29,34,40,34.33
125I,1374,10/13/2000,125,119,107,117.00
,1374,10/13/2000,110,99,129,112.67
,1374,10/13/2000,23,26,30,26.33
,1374,10/13/2000,119,129,139,129.00
,1374,10/13/2000,15,13,12,13.33
,1374,10/13/2000,9,11,8,9.33
,1374,10/13/2000,1,2,1,1.33
,1374,10/13/2000,131,112,109,117.33
,1374,10/13/2000,107,102,119,109.33
,1374,10/13/2000,27,33,40,33.33
,1374,10/13/2000,80,86,73,79.67
,1374,10/13/2000,23,30,19,24.00
,1374,10/13/2000,8,7,9,8.00
,1374,10/13/2000,1,2,3,2.00
125I,1358,10/16/2000,150,161,143,151.33
,1358,10/16/2000,132,141,121,131.33
,1358,10/16/2000,22,25,27,24.67
,1358,10/16/2000,115,127,135,125.67
,1358,10/16/2000,18,22,27,22.33
,1358,10/16/2000,15,19,13,15.67
,1358,10/16/2000,3,5,1,3.00
,1358,10/16/2000,116,132,109,119.00
,1358,10/16/2000,156,129,139,141.33
,1358,10/16/2000,31,38,35,34.67
,1358,10/16/2000,109,111,99,106.33
,1358,10/16/2000,19,28,22,23.00
,1358,10/16/2000,12,17,15,14.67
,1358,10/16/2000,1,4,3,2.67
125I,1418,10/23/2000,145,129,120,131.33
,1418,10/23/2000,111,132,109,117.33
,1418,10/23/2000,36,37,29,34.00
,1418,10/23/2000,111,122,99,110.67
,1418,10/23/2000,148,154,137,146.33
,1418,10/23/2000,19,22,17,19.33
,1418,10/23/2000,1,2,2,1.67
,1418,10/23/2000,155,142,139,145.33
,1418,10/23/2000,128,136,125,129.67
,1418,10/23/2000,20,15,19,18.00
,1418,10/23/2000,70,84,76,76.67
,1418,10/23/2000,88,74,80,80.67
,1418,10/23/2000,10,9,7,8.67
,1418,10/23/2000,1,1,0,0.67
125I,1433,10/23/2000,123,152,134,136.33
,1433,10/23/2000,122,115,129,122.00
,1433,10/23/2000,28,22,26,25.33
,1433,10/23/2000,80,77,78,78.33
,1433,10/23/2000,12,11,11,11.33
,1433,10/23/2000,10,12,10,10.67
,1433,10/23/2000,2,1,0,1.00
,1433,10/23/2000,114,109,128,117.00
,1433,10/23/2000,107,120,117,114.67
,1433,10/23/2000,30,36,27,31.00
,1433,10/23/2000,90,82,88,86.67
,1433,10/23/2000,16,19,21,18.67
,1433,10/23/2000,9,8,10,9.00
,1433,10/23/2000,1,2,3,2.00
3HdTHD,7340,3/8/2001,93,86,111,96.67
,7340,3/8/2001,103,82,91,92.00
,7340,3/8/2001,79,73,68,73.33
,7340,3/8/2001,51,60,43,51.33
,7340,3/8/2001,85,90,95,90.00
,7340,3/8/2001,20,25,30,25.00
,7340,3/8/2001,6,8,10,8.00
,7340,3/8/2001,112,109,89,103.33
,7340,3/8/2001,99,92,81,90.67
,7340,3/8/2001,92,99,89,93.33
,7340,3/8/2001,90,85,81,85.33
,7340,3/8/2001,59,66,78,67.67
,7340,3/8/2001,44,60,51,51.67
,7340,3/8/2001,23,40,33,32.00
