Bates,Date,Count 1,Count 2,Count 3,Average
B008404,10/20/1997,531,508,541,526.67
B008404,10/20/1997,650,626,595,623.67
B008404,10/20/1997,460,455,468,461.00
B008404,10/20/1997,550,530,538,539.33
B008404,10/20/1997,466,468,452,462.00
B008404,10/20/1997,567,555,521,547.67
B008404,10/20/1997,558,581,636,591.67
B008404,10/20/1997,567,563,537,555.67
B008404,10/20/1997,594,550,543,562.33
B008404,10/20/1997,611,599,507,572.33
B008410,10/31/1997,548,490,532,523.33
B008410,10/31/1997,295,270,257,274.00
B008410,10/31/1997,693,622,586,633.67
B008410,10/31/1997,429,456,408,431.00
B008410,10/31/1997,414,407,406,409.00
B008410,10/31/1997,581,551,550,560.67
B008410,10/31/1997,535,507,543,528.33
B008410,10/31/1997,491,493,460,481.33
B008410,10/31/1997,358,384,370,370.67
B008410,10/31/1997,376,355,340,357.00
B008421,11/10/1997,539,543,579,553.67
B008421,11/10/1997,628,619,587,611.33
B008421,11/10/1997,678,703,705,695.33
B008421,11/10/1997,582,549,543,558.00
B008421,11/10/1997,626,702,604,644.00
B008421,11/10/1997,732,713,743,729.33
B008421,11/10/1997,785,781,634,733.33
B008421,11/10/1997,441,450,469,453.33
B008421,11/10/1997,544,550,562,552.00
B008421,11/10/1997,556,557,550,554.33
B008431,11/17/1997,857,855,870,860.67
B008431,11/17/1997,832,859,860,850.33
B008431,11/17/1997,827,814,755,798.67
B008431,11/17/1997,854,852,882,862.67
B008431,11/17/1997,721,733,760,738.00
B008431,11/17/1997,859,845,827,843.67
B008431,11/17/1997,884,872,796,850.67
B008431,11/17/1997,910,880,893,894.33
B008431,11/17/1997,836,865,809,836.67
B008431,11/17/1997,735,755,754,748.00
B008443,11/24/1997,568,555,533,552.00
B008443,11/24/1997,570,512,500,527.33
B008443,11/24/1997,543,562,545,550.00
B008443,11/24/1997,672,650,660,660.67
B008443,11/24/1997,635,649,655,646.33
B008443,11/24/1997,557,549,572,559.33
B008443,11/24/1997,636,609,634,626.33
B008443,11/24/1997,585,542,524,550.33
B008443,11/24/1997,698,675,680,684.33
B008443,11/24/1997,498,512,475,495.00
B008457,12/4/1997,498,504,532,511.33
B008457,12/4/1997,769,790,711,756.67
B008457,12/4/1997,799,785,765,783.00
B008457,12/4/1997,630,645,659,644.67
B008457,12/4/1997,669,659,660,662.67
B008457,12/4/1997,765,745,730,746.67
B008457,12/4/1997,650,672,721,681.00
B008457,12/4/1997,814,805,767,795.33
B008457,12/4/1997,732,719,674,708.33
B008457,12/4/1997,814,769,742,775.00
B002085,12/15/1997,631,639,676,648.67
B002085,12/15/1997,641,603,639,627.67
B002085,12/15/1997,561,592,594,582.33
B002085,12/15/1997,659,617,607,627.67
B002085,12/15/1997,644,637,634,638.33
B002085,12/15/1997,698,711,685,698.00
B002085,12/15/1997,718,695,661,691.33
B002085,12/15/1997,617,594,633,614.67
B002085,12/15/1997,717,681,669,689.00
B002085,12/15/1997,643,581,585,603.00
B002265,1/19/1998,535,535,530,533.33
B002265,1/19/1998,620,625,628,624.33
B002265,1/19/1998,476,519,526,507.00
B002265,1/19/1998,602,624,589,605.00
B002265,1/19/1998,482,489,510,493.67
B002265,1/19/1998,562,555,547,554.67
B002265,1/19/1998,495,485,482,487.33
B002265,1/19/1998,561,567,570,566.00
B002265,1/19/1998,490,515,505,503.33
B002265,1/19/1998,489,482,484,485.00
B002113,2/2/1998,290,310,324,308.00
B002113,2/2/1998,514,536,510,520.00
B002113,2/2/1998,539,535,487,520.33
B002113,2/2/1998,484,464,469,472.33
B002113,2/2/1998,438,436,422,432.00
B002113,2/2/1998,499,486,503,496.00
B002113,2/2/1998,517,537,493,515.67
B002113,2/2/1998,439,464,467,456.67
B002113,2/2/1998,442,429,440,437.00
B007065,2/6/1998,679,688,644,670.33
B007065,2/6/1998,480,458,469,469.00
B007065,2/6/1998,554,539,513,535.33
B007065,2/6/1998,586,588,611,595.00
B007065,2/6/1998,594,564,549,569.00
B007065,2/6/1998,650,625,638,637.67
B007065,2/6/1998,451,456,440,449.00
B007065,2/6/1998,494,486,527,502.33
B007065,2/6/1998,440,432,443,438.33
B007065,2/6/1998,573,580,595,582.67
B002073,2/13/1998,578,548,552,559.33
B002073,2/13/1998,579,551,585,571.67
B002073,2/13/1998,641,624,654,639.67
B002073,2/13/1998,591,586,591,589.33
B002073,2/13/1998,536,550,533,539.67
B002073,2/13/1998,585,588,550,574.33
B002073,2/13/1998,483,469,487,479.67
B002073,2/13/1998,609,604,617,610.00
B002073,2/13/1998,590,582,550,574.00
B002073,2/13/1998,558,581,544,561.00
B007070,2/16/1998,616,658,615,629.67
B007070,2/16/1998,632,638,606,625.33
B007070,2/16/1998,581,590,620,597.00
B007070,2/16/1998,548,536,517,533.67
B007070,2/16/1998,509,525,496,510.00
B007070,2/16/1998,519,528,514,520.33
B007070,2/16/1998,455,498,444,465.67
B007070,2/16/1998,506,520,531,519.00
B007070,2/16/1998,537,545,558,546.67
B007070,2/16/1998,577,572,542,563.67
B002250,2/20/1998,647,633,621,633.67
B002250,2/20/1998,621,619,651,630.33
B002250,2/20/1998,700,684,645,676.33
B002250,2/20/1998,610,605,611,608.67
B002250,2/20/1998,602,617,633,617.33
B002250,2/20/1998,703,733,739,725.00
B002250,2/20/1998,640,628,664,644.00
B002250,2/20/1998,753,735,721,736.33
B002250,2/20/1998,749,738,698,728.33
B002250,2/20/1998,675,669,645,663.00
B002050,3/2/1998,274,279,261,271.33
B002050,3/2/1998,292,317,320,309.67
B002050,3/2/1998,293,282,270,281.67
B002050,3/2/1998,311,322,291,308.00
B002050,3/2/1998,309,295,328,310.67
B002050,3/2/1998,332,334,337,334.33
B002050,3/2/1998,318,317,323,319.33
B002050,3/2/1998,315,299,305,306.33
B002050,3/2/1998,303,283,283,289.67
B002050,3/2/1998,263,254,249,255.33
B002240,3/6/1998,638,592,608,612.67
B002240,3/6/1998,661,713,639,671.00
B002240,3/6/1998,689,716,687,697.33
B002240,3/6/1998,622,592,590,601.33
B002240,3/6/1998,679,691,673,681.00
B002240,3/6/1998,606,581,573,586.67
B002240,3/6/1998,556,567,576,566.33
B002240,3/6/1998,744,748,720,737.33
B002240,3/6/1998,563,573,579,571.67
B002240,3/6/1998,633,595,609,612.33
B002229,3/9/1998,630,631,650,637.00
B002229,3/9/1998,777,791,796,788.00
B002229,3/9/1998,792,783,791,788.67
B002229,3/9/1998,680,656,654,663.33
B002229,3/9/1998,752,741,734,742.33
B002229,3/9/1998,783,765,743,763.67
B002229,3/9/1998,803,818,827,816.00
B002229,3/9/1998,750,784,764,766.00
B002229,3/9/1998,854,828,823,835.00
B008326,3/13/1998,1398,1378,1344,1373.33
B008326,3/13/1998,1486,1469,1463,1472.67
B008326,3/13/1998,1671,1696,1651,1672.67
B008326,3/13/1998,1613,1622,1588,1607.67
B008326,3/13/1998,1823,1832,1845,1833.33
B008326,3/13/1998,1695,1651,1708,1684.67
B008326,3/13/1998,1568,1593,1551,1570.67
B008326,3/13/1998,1692,1663,1709,1688.00
B008326,3/13/1998,1562,1525,1540,1542.33
B002219,3/23/1998,886,876,890,884.00
B002219,3/23/1998,997,983,972,984.00
B002219,3/23/1998,1051,1040,1047,1046.00
B002219,3/23/1998,1051,1023,1025,1033.00
B002219,3/23/1998,949,969,947,955.00
B002219,3/23/1998,1065,1066,1031,1054.00
B002219,3/23/1998,1012,1059,1064,1045.00
B002219,3/23/1998,1044,1016,976,1012.00
B002219,3/23/1998,1053,1057,1014,1041.33
B002219,3/23/1998,926,957,903,928.67
B008314,3/27/1998,464,461,449,458.00
B008314,3/27/1998,488,512,479,493.00
B008314,3/27/1998,617,609,619,615.00
B008314,3/27/1998,664,668,651,661.00
B008314,3/27/1998,647,654,632,644.33
B008314,3/27/1998,587,572,569,576.00
B008314,3/27/1998,687,689,617,664.33
B008314,3/27/1998,626,595,624,615.00
B008314,3/27/1998,640,622,606,622.67
B008314,3/27/1998,645,652,628,641.67
B013391,4/13/1998,893,903,863,886.33
B013391,4/13/1998,416,402,478,432.00
B013391,4/13/1998,767,771,802,780.00
B013391,4/13/1998,845,802,793,813.33
B013391,4/13/1998,668,575,578,607.00
B013391,4/13/1998,874,876,858,869.33
B013391,4/13/1998,874,854,807,845.00
B013391,4/13/1998,825,767,777,789.67
B013391,4/13/1998,426,425,413,421.33
B002033,4/17/1998,468,463,478,469.67
B002033,4/17/1998,458,485,481,474.67
B002033,4/17/1998,484,457,450,463.67
B002033,4/17/1998,439,422,446,435.67
B002033,4/17/1998,419,436,411,422.00
B002033,4/17/1998,482,454,494,476.67
B002033,4/17/1998,517,515,525,519.00
B002033,4/17/1998,560,563,593,572.00
B002033,4/17/1998,434,472,468,458.00
B002033,4/17/1998,388,382,368,379.33
B002345,4/24/1998,776,760,711,749.00
B002345,4/24/1998,701,667,684,684.00
B002345,4/24/1998,695,711,690,698.67
B002345,4/24/1998,725,750,759,744.67
B002345,4/24/1998,878,892,868,879.33
B002345,4/24/1998,719,688,661,689.33
B002345,4/24/1998,704,702,755,720.33
B002345,4/24/1998,772,780,744,765.33
B002345,4/24/1998,664,636,612,637.33
B002345,4/24/1998,835,806,810,817.00
B002020,4/27/1998,468,463,448,459.67
B002020,4/27/1998,414,413,427,418.00
B002020,4/27/1998,480,469,476,475.00
B002020,4/27/1998,448,475,458,460.33
B002020,4/27/1998,432,424,447,434.33
B002020,4/27/1998,429,409,408,415.33
B002020,4/27/1998,437,425,438,433.33
B002020,4/27/1998,375,366,394,378.33
B002020,4/27/1998,423,456,418,432.33
B002020,4/27/1998,405,400,412,405.67
B013380,5/1/1998,589,529,512,543.33
B013380,5/1/1998,564,560,585,569.67
B013380,5/1/1998,627,605,593,608.33
B013380,5/1/1998,518,461,460,479.67
B013380,5/1/1998,695,667,695,685.67
B013380,5/1/1998,730,721,749,733.33
B013380,5/1/1998,621,599,613,611.00
B013380,5/1/1998,672,687,666,675.00
B013380,5/1/1998,576,523,533,544.00
B013380,5/1/1998,458,421,475,451.33
B002330,5/8/1998,570,584,588,580.67
B002330,5/8/1998,734,654,715,701.00
B002330,5/8/1998,593,527,549,556.33
B002330,5/8/1998,531,478,468,492.33
B002330,5/8/1998,668,601,639,636.00
B002330,5/8/1998,668,717,727,704.00
B002330,5/8/1998,542,552,526,540.00
B002330,5/8/1998,737,703,696,712.00
B002330,5/8/1998,471,411,401,427.67
B002330,5/8/1998,531,535,503,523.00
B007932,5/11/1998,511,506,469,495.33
B007932,5/11/1998,460,417,418,431.67
B007932,5/11/1998,432,452,463,449.00
B007932,5/11/1998,501,487,482,490.00
B007932,5/11/1998,428,420,444,430.67
B007932,5/11/1998,422,407,427,418.67
B007932,5/11/1998,398,402,419,406.33
B007932,5/11/1998,414,408,441,421.00
B007932,5/11/1998,403,405,413,407.00
B007932,5/11/1998,455,429,427,437.00
B013366,5/15/1998,298,252,244,264.67
B013366,5/15/1998,300,285,279,288.00
B013366,5/15/1998,370,338,351,353.00
B013366,5/15/1998,274,236,250,253.33
B013366,5/15/1998,286,232,221,246.33
B013366,5/15/1998,465,421,449,445.00
B013366,5/15/1998,474,384,416,424.67
B013366,5/15/1998,424,369,378,390.33
B013366,5/15/1998,235,211,205,217.00
B013366,5/15/1998,348,333,317,332.67
B013353,5/18/1998,480,490,499,489.67
B013353,5/18/1998,392,415,442,416.33
B013353,5/18/1998,311,325,309,315.00
B013353,5/18/1998,375,390,392,385.67
B013353,5/18/1998,350,329,341,340.00
B013353,5/18/1998,425,419,433,425.67
B013353,5/18/1998,280,270,262,270.67
B013353,5/18/1998,355,342,352,349.67
B013353,5/18/1998,285,270,272,275.67
B013353,5/18/1998,475,490,411,458.67
B002007,5/22/1998,321,317,316,318.00
B002007,5/22/1998,354,320,355,343.00
B002007,5/22/1998,356,352,346,351.33
B002007,5/22/1998,370,350,355,358.33
B002007,5/22/1998,324,322,316,320.67
B002007,5/22/1998,326,330,318,324.67
B002007,5/22/1998,328,318,312,319.33
B002007,5/22/1998,309,327,323,319.67
B002007,5/22/1998,327,320,319,322.00
B002007,5/22/1998,314,311,330,318.33
B002317,5/25/1998,838,818,849,835.00
B002317,5/25/1998,842,818,812,824.00
B002317,5/25/1998,929,940,967,945.33
B002317,5/25/1998,857,835,799,830.33
B002317,5/25/1998,847,823,802,824.00
B002317,5/25/1998,765,789,767,773.67
B002317,5/25/1998,861,865,801,842.33
B002317,5/25/1998,827,869,849,848.33
B002317,5/25/1998,903,910,941,918.00
B002317,5/25/1998,854,818,854,842.00
B002304,5/29/1998,755,710,725,730.00
B002304,5/29/1998,733,744,695,724.00
B002304,5/29/1998,687,690,645,674.00
B002304,5/29/1998,714,726,719,719.67
B002304,5/29/1998,828,847,837,837.33
B002304,5/29/1998,667,613,611,630.33
B002304,5/29/1998,656,693,675,674.67
B002304,5/29/1998,678,627,664,656.33
B002304,5/29/1998,740,728,738,735.33
B002304,5/29/1998,846,847,885,859.33
B013341,6/19/1998,753,759,734,748.67
B013341,6/19/1998,769,780,752,767.00
B013341,6/19/1998,832,856,842,843.33
B013341,6/19/1998,861,868,867,865.33
B013341,6/19/1998,766,708,704,726.00
B013341,6/19/1998,872,862,869,867.67
B013341,6/19/1998,869,875,892,878.67
B013341,6/19/1998,855,862,872,863.00
B013341,6/19/1998,924,908,904,912.00
B013341,6/19/1998,769,777,748,764.67
B014185,6/22/1998,741,765,767,757.67
B014185,6/22/1998,778,775,814,789.00
B014185,6/22/1998,805,823,811,813.00
B014185,6/22/1998,809,783,825,805.67
B014185,6/22/1998,774,746,778,766.00
B014185,6/22/1998,775,787,800,787.33
B014185,6/22/1998,815,816,828,819.67
B014185,6/22/1998,816,823,787,808.67
B014185,6/22/1998,821,825,807,817.67
B014185,6/22/1998,837,822,774,811.00
B014174,6/26/1998,781,730,765,758.67
B014174,6/26/1998,695,687,726,702.67
B014174,6/26/1998,677,672,633,660.67
B014174,6/26/1998,698,695,702,698.33
B014174,6/26/1998,833,865,865,854.33
B014174,6/26/1998,591,612,625,609.33
B014174,6/26/1998,752,770,787,769.67
B014174,6/26/1998,593,580,597,590.00
B014174,6/26/1998,659,651,658,656.00
B014174,6/26/1998,659,618,636,637.67
B014148,7/3/1998,821,850,830,833.67
B014148,7/3/1998,865,832,834,843.67
B014148,7/3/1998,829,790,791,803.33
B014148,7/3/1998,805,782,792,793.00
B014148,7/3/1998,903,893,896,897.33
B014148,7/3/1998,725,719,749,731.00
B014148,7/3/1998,903,933,882,906.00
B014148,7/3/1998,793,746,730,756.33
B014148,7/3/1998,807,822,816,815.00
B014148,7/3/1998,831,819,811,820.33
B014137,7/6/1998,746,740,752,746.00
B014137,7/6/1998,753,782,798,777.67
B014137,7/6/1998,791,796,780,789.00
B014137,7/6/1998,749,751,761,753.67
B014137,7/6/1998,785,729,713,742.33
B014137,7/6/1998,767,777,785,776.33
B014137,7/6/1998,682,685,687,684.67
B014137,7/6/1998,691,654,667,670.67
B014137,7/6/1998,677,648,659,661.33
B014137,7/6/1998,674,654,634,654.00
B014162,7/17/1998,636,607,620,621.00
B014162,7/17/1998,669,675,659,667.67
B014162,7/17/1998,712,680,722,704.67
B014162,7/17/1998,960,1040,1021,1007.00
B014162,7/17/1998,1170,1243,1077,1163.33
B014162,7/17/1998,1263,1191,1202,1218.67
B014162,7/17/1998,861,842,806,836.33
B014162,7/17/1998,1219,1249,1269,1245.67
B014162,7/17/1998,880,880,866,875.33
B014162,7/17/1998,1279,1266,1220,1255.00
B001994,7/20/1998,475,469,443,462.33
B001994,7/20/1998,432,426,456,438.00
B001994,7/20/1998,565,578,557,566.67
B001994,7/20/1998,474,469,441,461.33
B001994,7/20/1998,464,482,486,477.33
B001994,7/20/1998,130,118,118,122.00
B001994,7/20/1998,462,457,463,460.67
B001994,7/20/1998,475,476,476,475.67
B001994,7/20/1998,481,472,491,481.33
B001994,7/20/1998,476,483,495,484.67
B013616,7/24/1998,734,740,724,732.67
B013616,7/24/1998,863,851,861,858.33
B013616,7/24/1998,1000,1064,1032,1032.00
B013616,7/24/1998,825,857,867,849.67
B013616,7/24/1998,850,829,834,837.67
B013616,7/24/1998,764,771,779,771.33
B013616,7/24/1998,965,959,974,966.00
B013616,7/24/1998,487,499,495,493.67
B013616,7/24/1998,815,834,831,826.67
B013616,7/24/1998,448,454,421,441.00
B007087,7/25/1998,2646,2537,2605,2596.00
B007087,7/25/1998,2401,2454,2437,2430.67
B013606,7/27/1998,815,815,834,821.33
B013606,7/27/1998,793,787,796,792.00
B013606,7/27/1998,720,738,738,732.00
B013606,7/27/1998,777,822,774,791.00
B013606,7/27/1998,856,821,799,825.33
B013606,7/27/1998,831,853,824,836.00
B013606,7/27/1998,653,679,670,667.33
B013606,7/27/1998,683,678,687,682.67
B013606,7/27/1998,779,759,768,768.67
B013606,7/27/1998,921,932,927,926.67
B007085,7/28/1998,3329,3257,3268,3284.67
B007085,7/28/1998,3121,3243,3214,3192.67
B007085,7/28/1998,2696,2537,2605,2612.67
B007085,7/28/1998,2401,2459,2437,2432.33
B013050,7/29/1998,2264,2118,2205,2195.67
B013050,7/29/1998,533,551,535,539.67
B013050,7/29/1998,3376,3344,3256,3325.33
B013595,7/31/1998,580,574,545,566.33
B013595,7/31/1998,654,603,624,627.00
B013595,7/31/1998,599,614,603,605.33
B013595,7/31/1998,585,597,541,574.33
B013595,7/31/1998,655,606,630,630.33
B013595,7/31/1998,662,602,637,633.67
B013595,7/31/1998,618,633,581,610.67
B013595,7/31/1998,574,558,560,564.00
B013595,7/31/1998,597,583,575,585.00
B013595,7/31/1998,615,593,619,609.00
B013582,8/3/1998,696,698,700,698.00
B013582,8/3/1998,668,650,645,654.33
B013582,8/3/1998,632,630,625,629.00
B013582,8/3/1998,575,561,549,561.67
B013582,8/3/1998,718,708,709,711.67
B013582,8/3/1998,715,708,706,709.67
B013582,8/3/1998,740,737,726,734.33
B013582,8/3/1998,728,716,733,725.67
B013582,8/3/1998,685,693,688,688.67
B013582,8/3/1998,763,749,755,755.67
B013042,8/11/1998,3382,3234,3202,3272.67
B013042,8/11/1998,2717,2600,2620,2645.67
B013042,8/11/1998,3810,3745,3719,3758.00
B013042,8/11/1998,4507,4409,4343,4419.67
B002102,8/17/1998,443,441,410,431.33
B002102,8/17/1998,443,432,408,427.67
B002102,8/17/1998,371,374,370,371.67
B002102,8/17/1998,428,452,409,429.67
B002102,8/17/1998,386,393,400,393.00
B002102,8/17/1998,428,411,404,414.33
B002102,8/17/1998,418,403,393,404.67
B002102,8/17/1998,393,415,379,395.67
B002102,8/17/1998,378,370,375,374.33
B002102,8/17/1998,345,388,393,375.33
B008304,8/21/1998,514,536,490,513.33
B008304,8/21/1998,626,606,612,614.67
B008304,8/21/1998,781,634,652,689.00
B008304,8/21/1998,505,517,482,501.33
B008304,8/21/1998,511,492,482,495.00
B008304,8/21/1998,620,602,614,612.00
B008304,8/21/1998,588,578,569,578.33
B008304,8/21/1998,556,536,521,537.67
B008304,8/21/1998,456,478,477,470.33
B008304,8/21/1998,461,452,442,451.67
B008294,8/24/1998,655,615,645,638.33
B008294,8/24/1998,639,673,656,656.00
B008294,8/24/1998,776,762,786,774.67
B008294,8/24/1998,556,551,518,541.67
B008294,8/24/1998,585,540,540,555.00
B008294,8/24/1998,568,529,527,541.33
B008294,8/24/1998,734,756,712,734.00
B008294,8/24/1998,573,544,546,554.33
B008294,8/24/1998,569,546,529,548.00
B008294,8/24/1998,552,546,509,535.67
B002207,8/27/1998,456,432,441,443.00
B002207,8/27/1998,520,556,531,535.67
B002207,8/27/1998,475,485,461,473.67
B002207,8/27/1998,572,536,559,555.67
B002207,8/27/1998,595,606,585,595.33
B002207,8/27/1998,499,512,526,512.33
B002207,8/27/1998,602,617,622,613.67
B002207,8/27/1998,566,555,545,555.33
B002207,8/27/1998,523,535,517,525.00
B002207,8/27/1998,495,505,485,495.00
B012862,9/2/1998,4070,4120,4175,4121.67
B012862,9/2/1998,2861,2779,2740,2793.33
B012862,9/2/1998,2325,2340,2318,2327.67
B012862,9/2/1998,3305,3297,3291,3297.67
B012907,9/4/1998,5110,5125,5213,5149.33
B012907,9/4/1998,5007,5107,5123,5079.00
B012907,9/4/1998,4813,4918,4925,4885.33
B012907,9/4/1998,4439,4556,4579,4524.67
B012907,9/4/1998,4322,4429,4372,4374.33
B012857,9/18/1998,7786,7540,7677,7667.67
B012857,9/18/1998,6682,6639,6407,6576.00
B012857,9/18/1998,2841,2755,2649,2748.33
B012857,9/18/1998,2842,2855,2811,2836.00
B012857,9/18/1998,3561,3647,3466,3558.00
B012902,9/24/1998,5504,5457,5442,5467.67
B012902,9/24/1998,4553,4591,4454,4532.67
B012902,9/24/1998,3616,3360,3327,3434.33
B012902,9/24/1998,2823,2894,2891,2869.33
B012902,9/24/1998,2141,2114,2198,2151.00
B012902,9/24/1998,2394,2289,2201,2294.67
B012896,9/25/1998,6394,6298,6309,6333.67
B012896,9/25/1998,6256,6082,6272,6203.33
B012896,9/25/1998,4104,4076,3986,4055.33
B012896,9/25/1998,2993,3056,2949,2999.33
B012896,9/25/1998,2691,2485,2510,2562.00
B012896,9/25/1998,1151,1142,1156,1149.67
B013672,9/29/1998,420,435,455,436.67
B013672,9/29/1998,465,440,421,442.00
B013672,9/29/1998,425,411,401,412.33
B013672,9/29/1998,398,388,375,387.00
B013672,9/29/1998,435,422,417,424.67
B013672,9/29/1998,455,426,436,439.00
B013672,9/29/1998,375,381,394,383.33
B013672,9/29/1998,355,372,381,369.33
B013672,9/29/1998,402,398,385,395.00
B013672,9/29/1998,454,418,432,434.67
B013222,10/5/1998,720,693,680,697.67
B013222,10/5/1998,685,675,679,679.67
B013222,10/5/1998,475,462,478,471.67
B013222,10/5/1998,601,620,611,610.67
B013222,10/5/1998,593,569,568,576.67
B013222,10/5/1998,568,573,593,578.00
B013222,10/5/1998,531,525,506,520.67
B013222,10/5/1998,555,503,514,524.00
B013222,10/5/1998,514,532,557,534.33
B013222,10/5/1998,529,510,524,521.00
B012987,10/6/1998,6510,6439,6552,6500.33
B012987,10/6/1998,8013,8060,8091,8054.67
B012987,10/6/1998,3379,3183,3272,3278.00
B012987,10/6/1998,4480,4372,4497,4449.67
B012987,10/6/1998,3423,3524,3374,3440.33
B012987,10/6/1998,5222,5024,5003,5083.00
B012965,10/7/1998,3830,3833,3740,3801.00
B012965,10/7/1998,5729,5881,5876,5828.67
B012965,10/7/1998,2568,2444,2384,2465.33
B012965,10/7/1998,5224,5234,5053,5170.33
B012965,10/7/1998,3412,3363,3374,3383.00
B012965,10/7/1998,3116,3086,3028,3076.67
B013658,10/12/1998,472,426,413,437.00
B013658,10/12/1998,475,429,414,439.33
B013658,10/12/1998,416,400,411,409.00
B013658,10/12/1998,648,632,622,634.00
B013658,10/12/1998,606,592,631,609.67
B013658,10/12/1998,542,535,558,545.00
B013658,10/12/1998,429,455,435,439.67
B013658,10/12/1998,494,533,509,512.00
B013658,10/12/1998,593,624,609,608.67
B013658,10/12/1998,517,517,510,514.67
B007091,10/14/1998,3830,3833,3740,3801.00
B007091,10/14/1998,5729,5881,5876,5828.67
B007091,10/14/1998,2568,2444,,2506.00
B007091,10/14/1998,5224,5234,5053,5170.33
B007091,10/14/1998,3412,3363,3374,3383.00
B007091,10/14/1998,3116,3086,3028,3076.67
B013647,10/14/1998,587,576,569,577.33
B013647,10/14/1998,619,666,648,644.33
B013647,10/14/1998,595,576,563,578.00
B013647,10/14/1998,619,617,605,613.67
B013647,10/14/1998,637,634,648,639.67
B013647,10/14/1998,558,548,543,549.67
B013647,10/14/1998,591,626,597,604.67
B013647,10/14/1998,478,482,464,474.67
B013647,10/14/1998,563,591,558,570.67
B013647,10/14/1998,517,548,569,544.67
B013959,10/16/1998,485,502,498,495.00
B013959,10/16/1998,497,462,444,467.67
B013959,10/16/1998,411,399,436,415.33
B013959,10/16/1998,428,409,425,420.67
B013959,10/16/1998,389,389,374,384.00
B013959,10/16/1998,495,472,458,475.00
B013212,10/23/1998,673,633,695,667.00
B013212,10/23/1998,691,730,740,720.33
B013212,10/23/1998,723,744,713,726.67
B013212,10/23/1998,844,832,865,847.00
B013212,10/23/1998,720,702,664,695.33
B013212,10/23/1998,640,702,671,671.00
B013212,10/23/1998,935,915,945,931.67
B013212,10/23/1998,841,782,771,798.00
B013212,10/23/1998,683,645,654,660.67
B013212,10/23/1998,508,522,505,511.67
B013635,10/26/1998,736,739,682,719.00
B013635,10/26/1998,706,741,744,730.33
B013635,10/26/1998,798,771,767,778.67
B013635,10/26/1998,775,785,798,786.00
B013635,10/26/1998,791,773,759,774.33
B013635,10/26/1998,899,892,902,897.67
B013635,10/26/1998,654,648,633,645.00
B013635,10/26/1998,907,948,928,927.67
B013635,10/26/1998,982,992,989,987.67
B013635,10/26/1998,991,961,961,971.00
B007881,11/3/1998,418,422,425,421.67
B007881,11/3/1998,501,447,503,483.67
B007881,11/3/1998,487,473,463,474.33
B007881,11/3/1998,461,454,466,460.33
B007881,11/3/1998,478,448,450,458.67
B007881,11/3/1998,460,488,475,474.33
B007881,11/3/1998,434,442,428,434.67
B007881,11/3/1998,376,344,352,357.33
B007881,11/3/1998,414,422,420,418.67
B007881,11/3/1998,385,373,402,386.67
B007870,11/7/1998,415,404,383,400.67
B007870,11/7/1998,383,352,373,369.33
B007870,11/7/1998,346,337,356,346.33
B007870,11/7/1998,363,361,372,365.33
B007870,11/7/1998,362,365,395,374.00
B007870,11/7/1998,354,395,377,375.33
B007870,11/7/1998,359,366,344,356.33
B007870,11/7/1998,385,368,353,368.67
B007870,11/7/1998,368,350,362,360.00
B007870,11/7/1998,444,455,473,457.33
B007820,11/13/1998,484,471,465,473.33
B007820,11/13/1998,520,490,507,505.67
B007820,11/13/1998,539,541,535,538.33
B007820,11/13/1998,583,570,541,564.67
B007820,11/13/1998,541,548,567,552.00
B007820,11/13/1998,488,481,445,471.33
B007820,11/13/1998,533,584,591,569.33
B007820,11/13/1998,432,432,426,430.00
B007820,11/13/1998,644,669,626,646.33
B007820,11/13/1998,649,624,638,637.00
B001758,11/16/1998,666,618,638,640.67
B001758,11/16/1998,634,638,611,627.67
B001758,11/16/1998,589,565,548,567.33
B001758,11/16/1998,653,613,647,637.67
B001758,11/16/1998,569,562,580,570.33
B001758,11/16/1998,624,605,604,611.00
B001758,11/16/1998,535,524,558,539.00
B001758,11/16/1998,566,543,531,546.67
B001758,11/16/1998,691,688,677,685.33
B001758,11/16/1998,637,628,618,627.67
B007808,11/23/1998,501,524,474,499.67
B007808,11/23/1998,475,472,441,462.67
B007808,11/23/1998,437,458,424,439.67
B007808,11/23/1998,616,630,622,622.67
B007808,11/23/1998,367,334,338,346.33
B007808,11/23/1998,447,441,432,440.00
B007808,11/23/1998,530,511,520,520.33
B007808,11/23/1998,552,549,564,555.00
B007808,11/23/1998,512,490,537,513.00
B007808,11/23/1998,484,466,452,467.33
B001746,12/4/1998,252,262,270,261.33
B001746,12/4/1998,245,221,259,241.67
B001746,12/4/1998,276,236,249,253.67
B001746,12/4/1998,302,279,271,284.00
B001746,12/4/1998,284,294,291,289.67
B001746,12/4/1998,404,416,426,415.33
B001746,12/4/1998,299,295,336,310.00
B001746,12/4/1998,244,244,231,239.67
B001746,12/4/1998,231,225,228,228.00
B001746,12/4/1998,274,288,300,287.33
B007860,12/7/1998,452,422,439,437.67
B007860,12/7/1998,492,475,444,470.33
B007860,12/7/1998,513,496,488,499.00
B007860,12/7/1998,443,432,430,435.00
B007860,12/7/1998,549,568,570,562.33
B007860,12/7/1998,548,566,571,561.67
B007860,12/7/1998,515,506,472,497.67
B007860,12/7/1998,490,548,543,527.00
B007860,12/7/1998,412,395,393,400.00
B007860,12/7/1998,451,438,426,438.33
B007795,12/8/1998,371,349,361,360.33
B007795,12/8/1998,355,359,372,362.00
B007795,12/8/1998,340,325,322,329.00
B007795,12/8/1998,309,322,330,320.33
B007795,12/8/1998,237,250,245,244.00
B007795,12/8/1998,319,333,323,325.00
B007795,12/8/1998,366,342,353,353.67
B007795,12/8/1998,497,480,495,490.67
B007795,12/8/1998,445,460,432,445.67
B007795,12/8/1998,421,409,415,415.00
B007850,12/9/1998,543,516,541,533.33
B007850,12/9/1998,500,502,513,505.00
B007850,12/9/1998,460,482,434,458.67
B007850,12/9/1998,531,542,504,525.67
B007850,12/9/1998,531,493,488,504.00
B007850,12/9/1998,542,530,518,530.00
B007850,12/9/1998,512,473,457,480.67
B007850,12/9/1998,514,494,487,498.33
B007850,12/9/1998,454,439,444,445.67
B007850,12/9/1998,469,490,450,469.67
B001736,12/21/1998,770,793,789,784.00
B001736,12/21/1998,721,756,721,732.67
B001736,12/21/1998,751,777,757,761.67
B001736,12/21/1998,721,694,690,701.67
B001736,12/21/1998,743,754,768,755.00
B001736,12/21/1998,759,766,724,749.67
B001736,12/21/1998,753,740,713,735.33
B001736,12/21/1998,750,754,775,759.67
B001736,12/21/1998,707,687,674,689.33
B001736,12/21/1998,620,625,620,621.67
B008252,1/1/1999,518,550,569,545.67
B008252,1/1/1999,482,500,501,494.33
B008252,1/1/1999,458,485,510,484.33
B008252,1/1/1999,541,483,488,504.00
B008252,1/1/1999,531,525,523,526.33
B008252,1/1/1999,609,657,652,639.33
B008252,1/1/1999,506,524,485,505.00
B008252,1/1/1999,432,440,428,433.33
B008252,1/1/1999,497,453,507,485.67
B008252,1/1/1999,453,475,508,478.67
B007838,1/8/1999,425,454,451,443.33
B007838,1/8/1999,446,417,425,429.33
B007838,1/8/1999,463,463,456,460.67
B007838,1/8/1999,412,429,430,423.67
B007838,1/8/1999,404,429,411,414.67
B007838,1/8/1999,420,417,401,412.67
B007838,1/8/1999,430,421,413,421.33
B007838,1/8/1999,386,388,393,389.00
B007838,1/8/1999,443,464,437,448.00
B007838,1/8/1999,453,469,479,467.00
B008241,1/15/1999,488,482,478,482.67
B008241,1/15/1999,510,472,463,481.67
B008241,1/15/1999,517,505,506,509.33
B008241,1/15/1999,468,458,455,460.33
B008241,1/15/1999,528,527,524,526.33
B008241,1/15/1999,622,648,609,626.33
B008241,1/15/1999,442,422,432,432.00
B008241,1/15/1999,467,438,438,447.67
B008241,1/15/1999,481,452,522,485.00
B008241,1/15/1999,487,516,482,495.00
B007785,1/18/1999,505,478,482,488.33
B007785,1/18/1999,438,424,432,431.33
B007785,1/18/1999,435,397,381,404.33
B007785,1/18/1999,379,394,422,398.33
B007785,1/18/1999,418,417,397,410.67
B007785,1/18/1999,365,345,313,341.00
B007785,1/18/1999,476,495,462,477.67
B007785,1/18/1999,478,439,449,455.33
B007785,1/18/1999,511,488,490,496.33
B007785,1/18/1999,467,427,399,431.00
B007775,1/22/1999,345,335,376,352.00
B007775,1/22/1999,467,461,415,447.67
B007775,1/22/1999,380,384,377,380.33
B007775,1/22/1999,525,537,519,527.00
B007775,1/22/1999,474,452,491,472.33
B007775,1/22/1999,434,413,448,431.67
B007775,1/22/1999,465,445,466,458.67
B007775,1/22/1999,465,491,453,469.67
B007775,1/22/1999,449,459,467,458.33
B007775,1/22/1999,411,426,445,427.33
B001680,1/29/1999,664,644,696,668.00
B001680,1/29/1999,716,726,721,721.00
B001680,1/29/1999,651,675,664,663.33
B001680,1/29/1999,643,681,636,653.33
B001680,1/29/1999,700,690,717,702.33
B001680,1/29/1999,618,618,657,631.00
B001680,1/29/1999,684,691,653,676.00
B001680,1/29/1999,536,505,557,532.67
B001680,1/29/1999,642,626,633,633.67
B001680,1/29/1999,541,558,569,556.00
B008139,2/5/1999,672,677,708,685.67
B008139,2/5/1999,758,734,726,739.33
B008139,2/5/1999,759,777,757,764.33
B008139,2/5/1999,752,745,733,743.33
B008139,2/5/1999,675,690,691,685.33
B008139,2/5/1999,700,677,662,679.67
B008139,2/5/1999,704,685,674,687.67
B008139,2/5/1999,663,698,681,680.67
B008139,2/5/1999,661,662,650,657.67
B008139,2/5/1999,693,671,681,681.67
B008126,2/15/1999,711,745,735,730.33
B008126,2/15/1999,852,837,860,849.67
B008126,2/15/1999,811,799,789,799.67
B008126,2/15/1999,735,745,760,746.67
B008126,2/15/1999,809,811,835,818.33
B008126,2/15/1999,799,805,811,805.00
B008126,2/15/1999,760,741,752,751.00
B008126,2/15/1999,715,721,726,720.67
B008126,2/15/1999,760,775,745,760.00
B008126,2/15/1999,801,812,823,812.00
B008103,2/19/1999,645,677,655,659.00
B008103,2/19/1999,611,620,637,622.67
B008103,2/19/1999,677,689,667,677.67
B008103,2/19/1999,707,699,701,702.33
B008103,2/19/1999,635,649,617,633.67
B008103,2/19/1999,690,681,678,683.00
B008103,2/19/1999,660,670,652,660.67
B008103,2/19/1999,601,622,634,619.00
B008103,2/19/1999,640,656,654,650.00
B008103,2/19/1999,685,695,690,690.00
B008093,2/22/1999,760,747,730,745.67
B008093,2/22/1999,745,744,736,741.67
B008093,2/22/1999,690,701,685,692.00
B008093,2/22/1999,712,722,735,723.00
B008093,2/22/1999,747,765,742,751.33
B008093,2/22/1999,675,665,681,673.67
B008093,2/22/1999,640,655,631,642.00
B008093,2/22/1999,672,662,652,662.00
B008093,2/22/1999,719,725,707,717.00
B008093,2/22/1999,790,811,795,798.67
B008117,2/26/1999,833,750,777,786.67
B008117,2/26/1999,781,737,741,753.00
B008117,2/26/1999,717,758,759,744.67
B008117,2/26/1999,785,760,747,764.00
B008117,2/26/1999,750,706,715,723.67
B008117,2/26/1999,693,670,660,674.33
B008117,2/26/1999,678,645,676,666.33
B008117,2/26/1999,713,704,716,711.00
B008117,2/26/1999,622,610,608,613.33
B008117,2/26/1999,703,703,731,712.33
B001667,3/1/1999,640,666,685,663.67
B001667,3/1/1999,701,722,735,719.33
B001667,3/1/1999,735,742,722,733.00
B001667,3/1/1999,760,750,742,750.67
B001667,3/1/1999,775,790,769,778.00
B001667,3/1/1999,711,729,731,723.67
B001667,3/1/1999,699,719,698,705.33
B001667,3/1/1999,765,777,759,767.00
B001667,3/1/1999,745,755,761,753.67
B001667,3/1/1999,762,772,760,764.67
B001667,3/1/1999,685,672,669,675.33
B001667,3/1/1999,701,735,723,719.67
B001667,3/1/1999,795,780,776,783.67
B001667,3/1/1999,740,722,729,730.33
B001667,3/1/1999,811,788,792,797.00
B001657,3/5/1999,480,495,478,484.33
B001657,3/5/1999,450,477,458,461.67
B001657,3/5/1999,575,589,567,577.00
B001657,3/5/1999,435,449,429,437.67
B001657,3/5/1999,445,455,462,454.00
B001657,3/5/1999,540,559,547,548.67
B001657,3/5/1999,560,550,542,550.67
B001657,3/5/1999,610,625,609,614.67
B001657,3/5/1999,675,685,687,682.33
B008219,3/12/1999,620,635,645,633.33
B008219,3/12/1999,590,575,585,583.33
B008219,3/12/1999,560,550,541,550.33
B008219,3/12/1999,595,570,583,582.67
B008219,3/12/1999,630,609,607,615.33
B008219,3/12/1999,590,615,580,595.00
B008219,3/12/1999,635,650,669,651.33
B008219,3/12/1999,610,645,637,630.67
B008219,3/12/1999,575,562,548,561.67
B008219,3/12/1999,520,525,535,526.67
B008209,3/22/1999,610,635,590,611.67
B008209,3/22/1999,495,535,545,525.00
B008209,3/22/1999,570,552,535,552.33
B008209,3/22/1999,625,619,607,617.00
B008209,3/22/1999,499,521,539,519.67
B008209,3/22/1999,577,565,572,571.33
B008209,3/22/1999,537,555,542,544.67
B008209,3/22/1999,609,612,592,604.33
B008209,3/22/1999,572,559,567,566.00
B008209,3/22/1999,562,585,585,577.33
B008196,4/2/1999,415,425,455,431.67
B008196,4/2/1999,399,410,388,399.00
B008196,4/2/1999,436,407,411,418.00
B008196,4/2/1999,382,375,365,374.00
B008196,4/2/1999,389,390,382,387.00
B008196,4/2/1999,450,427,439,438.67
B008196,4/2/1999,407,422,419,416.00
B008196,4/2/1999,432,452,429,437.67
B008196,4/2/1999,375,355,362,364.00
B008196,4/2/1999,388,399,409,398.67
B001960,4/5/1999,712,725,730,722.33
B001960,4/5/1999,622,635,627,628.00
B001960,4/5/1999,678,775,665,706.00
B001960,4/5/1999,573,542,535,550.00
B001960,4/5/1999,545,562,569,558.67
B001960,4/5/1999,523,523,533,526.33
B001960,4/5/1999,507,511,531,516.33
B001960,4/5/1999,545,521,510,525.33
B011751,4/13/1999,186,187,189,187.33
B011751,4/13/1999,191,188,174,184.33
B011751,4/13/1999,284,289,297,290.00
B011751,4/13/1999,263,256,259,259.33
B011751,4/13/1999,352,324,360,345.33
B011751,4/13/1999,350,362,332,348.00
B011751,4/13/1999,320,333,342,331.67
B011751,4/13/1999,237,232,239,236.00
B008181,5/7/1999,425,435,420,426.67
B008181,5/7/1999,510,490,475,491.67
B008181,5/7/1999,405,375,395,391.67
B008181,5/7/1999,452,437,414,434.33
B008181,5/7/1999,358,372,360,363.33
B008181,5/7/1999,411,419,432,420.67
B008181,5/7/1999,437,465,422,441.33
B008181,5/7/1999,375,365,392,377.33
B008181,5/7/1999,419,402,398,406.33
B008181,5/7/1999,399,412,375,395.33
B008170,5/21/1999,475,465,439,459.67
B008170,5/21/1999,501,512,522,511.67
B008170,5/21/1999,529,475,495,499.67
B008170,5/21/1999,395,425,430,416.67
B008170,5/21/1999,520,539,540,533.00
B008170,5/21/1999,427,439,444,436.67
B008170,5/21/1999,402,422,435,419.67
B008170,5/21/1999,511,529,535,525.00
B008170,5/21/1999,478,459,465,467.33
B008170,5/21/1999,395,378,385,386.00
B008050,5/27/1999,427,439,450,438.67
B008050,5/27/1999,511,527,530,522.67
B008050,5/27/1999,411,398,422,410.33
B008050,5/27/1999,378,409,415,400.67
B008050,5/27/1999,425,440,421,428.67
B008050,5/27/1999,471,485,492,482.67
B008050,5/27/1999,332,350,371,351.00
B008050,5/27/1999,409,419,429,419.00
B008050,5/27/1999,452,429,435,438.67
B008050,5/27/1999,322,350,342,338.00
B008040,6/11/1999,569,600,585,584.67
B008040,6/11/1999,611,625,635,623.67
B008040,6/11/1999,517,532,522,523.67
B008040,6/11/1999,485,472,495,484.00
B008040,6/11/1999,549,565,572,562.00
B008040,6/11/1999,585,595,569,583.00
B008040,6/11/1999,476,489,492,485.67
B008040,6/11/1999,505,509,522,512.00
B008040,6/11/1999,566,542,555,554.33
B008040,6/11/1999,562,575,559,565.33
B008028,6/21/1999,512,492,507,503.67
B008028,6/21/1999,488,475,497,486.67
B008028,6/21/1999,522,533,511,522.00
B008028,6/21/1999,462,473,485,473.33
B008028,6/21/1999,555,549,535,546.33
B008028,6/21/1999,509,522,512,514.33
B008028,6/21/1999,432,466,449,449.00
B008028,6/21/1999,546,565,539,550.00
B008028,6/21/1999,479,485,465,476.33
B008028,6/21/1999,529,545,561,545.00
B008018,6/28/1999,610,635,624,623.00
B008018,6/28/1999,585,592,603,593.33
B008018,6/28/1999,532,549,521,534.00
B008018,6/28/1999,609,622,611,614.00
B008018,6/28/1999,529,545,535,536.33
B008018,6/28/1999,635,611,607,617.67
B008018,6/28/1999,585,572,565,574.00
B008018,6/28/1999,592,575,562,576.33
B008018,6/28/1999,630,655,631,638.67
B008018,6/28/1999,666,673,679,672.67
B008082,7/1/1999,609,588,611,602.67
B008082,7/1/1999,652,641,627,640.00
B008082,7/1/1999,666,632,645,647.67
B008082,7/1/1999,612,608,631,617.00
B008082,7/1/1999,745,765,722,744.00
B008082,7/1/1999,644,651,632,642.33
B008082,7/1/1999,702,722,732,718.67
B008082,7/1/1999,650,675,662,662.33
B008072,7/12/1999,650,666,646,654.00
B008072,7/12/1999,637,649,622,636.00
B008072,7/12/1999,640,653,660,651.00
B008072,7/12/1999,610,662,635,635.67
B008072,7/12/1999,678,659,665,667.33
B008072,7/12/1999,718,692,707,705.67
B008072,7/12/1999,635,609,611,618.33
B008072,7/12/1999,735,719,726,726.67
B008072,7/12/1999,657,672,659,662.67
B008072,7/12/1999,670,685,678,677.67
B008007,7/16/1999,505,519,529,517.67
B008007,7/16/1999,485,495,480,486.67
B008007,7/16/1999,476,510,498,494.67
B008007,7/16/1999,415,435,422,424.00
B008007,7/16/1999,509,517,511,512.33
B008007,7/16/1999,435,419,410,421.33
B008007,7/16/1999,456,444,429,443.00
B008007,7/16/1999,411,409,425,415.00
B008007,7/16/1999,449,421,439,436.33
B008007,7/16/1999,385,412,375,390.67
B007998,7/26/1999,728,711,735,724.67
B007998,7/26/1999,750,741,721,737.33
B007998,7/26/1999,810,833,809,817.33
B007998,7/26/1999,755,762,748,755.00
B007998,7/26/1999,697,712,688,699.00
B007998,7/26/1999,735,755,765,751.67
B007998,7/26/1999,772,762,781,771.67
B007998,7/26/1999,819,822,835,825.33
B007998,7/26/1999,727,709,742,726.00
B007998,7/26/1999,856,869,888,871.00
B007975,7/29/1999,540,565,562,555.67
B007975,7/29/1999,511,525,533,523.00
B007975,7/29/1999,542,555,532,543.00
B007975,7/29/1999,509,522,531,520.67
B007975,7/29/1999,488,492,499,493.00
B007975,7/29/1999,569,582,569,573.33
B007975,7/29/1999,611,609,619,613.00
B007975,7/29/1999,532,511,529,524.00
B007975,7/29/1999,550,562,542,551.33
B007975,7/29/1999,495,485,502,494.00
B007986,7/30/1999,610,592,609,603.67
B007986,7/30/1999,558,572,581,570.33
B007986,7/30/1999,532,539,555,542.00
B007986,7/30/1999,559,562,541,554.00
B007986,7/30/1999,571,562,575,569.33
B007986,7/30/1999,523,539,519,527.00
B007986,7/30/1999,499,507,521,509.00
B007986,7/30/1999,537,527,511,525.00
B007986,7/30/1999,567,560,539,555.33
B007986,7/30/1999,507,485,499,497.00
B012370,8/19/1999,236,226,228,230.00
B012370,8/19/1999,257,259,267,261.00
B012370,8/19/1999,264,265,260,263.00
B012370,8/19/1999,249,240,248,245.67
B001464,8/26/1999,750,731,722,734.33
B001464,8/26/1999,692,685,699,692.00
B001464,8/26/1999,645,635,619,633.00
B001464,8/26/1999,657,666,661,661.33
B001464,8/26/1999,688,671,657,672.00
B001464,8/26/1999,712,729,730,723.67
B001464,8/26/1999,736,772,762,756.67
B001464,8/26/1999,690,717,709,705.33
B001464,8/26/1999,733,745,759,745.67
B001464,8/26/1999,769,751,749,756.33
B001453,8/30/1999,652,673,669,664.67
B001453,8/30/1999,701,685,711,699.00
B001453,8/30/1999,623,639,644,635.33
B001453,8/30/1999,645,666,653,654.67
B001453,8/30/1999,629,642,647,639.33
B001453,8/30/1999,602,613,629,614.67
B001453,8/30/1999,677,652,669,666.00
B001453,8/30/1999,712,701,719,710.67
B001453,8/30/1999,698,687,679,688.00
B001453,8/30/1999,735,719,709,721.00
B007907,9/10/1999,643,666,652,653.67
B007907,9/10/1999,601,636,645,627.33
B007907,9/10/1999,622,649,619,630.00
B007907,9/10/1999,645,662,639,648.67
B007907,9/10/1999,685,672,679,678.67
B007907,9/10/1999,561,586,592,579.67
B007907,9/10/1999,595,611,622,609.33
B007907,9/10/1999,695,707,687,696.33
B007907,9/10/1999,669,639,652,653.33
B007907,9/10/1999,631,663,622,638.67
B012347,9/13/1999,712,711,702,708.33
B012347,9/13/1999,741,753,720,738.00
B012347,9/13/1999,1503,1524,1511,1512.67
B012347,9/13/1999,1547,1518,1539,1534.67
B012347,9/13/1999,1509,1556,1519,1528.00
B012347,9/13/1999,1401,1426,1435,1420.67
B012347,9/13/1999,110,113,119,114.00
B012347,9/13/1999,122,107,112,113.67
B012347,9/13/1999,129,145,135,136.33
B012347,9/13/1999,95,105,111,103.67
B007898,9/24/1999,589,598,571,586.00
B007898,9/24/1999,611,627,631,623.00
B007898,9/24/1999,541,559,561,553.67
B007898,9/24/1999,629,642,629,633.33
B007898,9/24/1999,667,656,672,665.00
B007898,9/24/1999,542,561,559,554.00
B007898,9/24/1999,620,635,642,632.33
B007898,9/24/1999,529,549,557,545.00
B007898,9/24/1999,607,598,622,609.00
B007898,9/24/1999,511,509,507,509.00
B001862,9/27/1999,609,595,575,593.00
B001862,9/27/1999,578,566,571,571.67
B001862,9/27/1999,613,622,635,623.33
B001862,9/27/1999,575,560,582,572.33
B001862,9/27/1999,535,519,511,521.67
B001862,9/27/1999,569,555,539,554.33
B001862,9/27/1999,591,599,602,597.33
B001862,9/27/1999,621,635,607,621.00
B001862,9/27/1999,545,551,539,545.00
B001862,9/27/1999,511,503,529,514.33
,9/29/1999,411,431,435,425.67
,9/29/1999,471,461,459,463.67
,9/29/1999,389,362,372,374.33
,9/29/1999,332,321,341,331.33
,9/29/1999,441,456,465,454.00
,9/29/1999,432,444,456,444.00
,9/29/1999,409,422,436,422.33
,9/29/1999,381,392,401,391.33
,9/29/1999,356,365,369,363.33
,9/29/1999,403,372,385,386.67
B007897,10/1/1999,772,761,756,763.00
B007897,10/1/1999,666,655,677,666.00
B007897,10/1/1999,701,711,722,711.33
B007897,10/1/1999,656,631,634,640.33
B007897,10/1/1999,732,745,739,738.67
B007897,10/1/1999,741,756,762,753.00
B007897,10/1/1999,635,659,662,652.00
B007897,10/1/1999,672,657,659,662.67
B007897,10/1/1999,713,732,742,729.00
B007897,10/1/1999,699,710,729,712.67
,10/4/1999,499,488,502,496.33
,10/4/1999,436,456,462,451.33
,10/4/1999,522,532,542,532.00
,10/4/1999,536,542,539,539.00
,10/4/1999,561,572,585,572.67
,10/4/1999,437,452,462,450.33
,10/4/1999,501,533,529,521.00
,10/4/1999,490,471,478,479.67
,10/4/1999,522,535,542,533.00
,10/4/1999,531,555,563,549.67
B001925,10/15/1999,527,509,512,516.00
B001925,10/15/1999,545,562,571,559.33
B001925,10/15/1999,551,563,549,554.33
B001925,10/15/1999,490,485,472,482.33
B001925,10/15/1999,567,579,582,576.00
B001925,10/15/1999,579,561,555,565.00
B001925,10/15/1999,611,592,589,597.33
B001925,10/15/1999,542,562,559,554.33
B001925,10/15/1999,499,522,535,518.67
B001925,10/15/1999,572,559,563,564.67
B013444,10/28/1999,546,523,543,537.33
B013444,10/28/1999,606,619,627,617.33
B013444,10/28/1999,521,533,529,527.67
B013444,10/28/1999,611,601,622,611.33
B013444,10/28/1999,575,585,595,585.00
B013444,10/28/1999,535,540,549,541.33
B013444,10/28/1999,621,603,613,612.33
B013444,10/28/1999,550,560,569,559.67
B008229,11/8/1999,411,427,437,425.00
B008229,11/8/1999,520,545,539,534.67
B008229,11/8/1999,535,521,552,536.00
B008229,11/8/1999,482,493,475,483.33
B008229,11/8/1999,436,427,419,427.33
B008229,11/8/1999,501,492,485,492.67
B008229,11/8/1999,562,550,572,561.33
B008229,11/8/1999,449,462,475,462.00
B008229,11/8/1999,555,579,567,567.00
B008229,11/8/1999,409,399,417,408.33
B001635,11/12/1999,589,608,570,589.00
B001635,11/12/1999,617,624,607,616.00
B001635,11/12/1999,575,595,606,592.00
B001635,11/12/1999,512,514,536,520.67
B001635,11/12/1999,588,566,568,574.00
B001635,11/12/1999,545,529,520,531.33
B001635,11/12/1999,494,463,445,467.33
B001635,11/12/1999,504,480,479,487.67
B001635,11/12/1999,491,479,491,487.00
B001635,11/12/1999,416,429,420,421.67
,11/15/1999,511,490,485,495.33
,11/15/1999,507,482,499,496.00
,11/15/1999,573,548,566,562.33
,11/15/1999,563,574,558,565.00
,11/15/1999,493,483,472,482.67
,11/15/1999,456,440,465,453.67
,11/15/1999,459,429,431,439.67
,11/15/1999,411,419,395,408.33
,11/15/1999,385,399,379,387.67
,11/15/1999,339,350,341,343.33
B013433,12/6/1999,801,784,832,805.67
B013433,12/6/1999,829,836,827,830.67
B013433,12/6/1999,759,747,732,746.00
B013433,12/6/1999,745,713,696,718.00
B013433,12/6/1999,824,782,807,804.33
B013433,12/6/1999,808,792,771,790.33
B013433,12/6/1999,728,732,702,720.67
B013433,12/6/1999,648,648,651,649.00
B013433,12/6/1999,725,723,713,720.33
B013433,12/6/1999,656,647,634,645.67
B001627,12/10/1999,635,649,660,648.00
B001627,12/10/1999,711,722,745,726.00
B001627,12/10/1999,672,666,659,665.67
B001627,12/10/1999,782,799,786,789.00
B001627,12/10/1999,881,862,872,871.67
B001627,12/10/1999,835,852,821,836.00
B001627,12/10/1999,811,829,835,825.00
B001627,12/10/1999,756,742,769,755.67
B001627,12/10/1999,701,695,714,703.33
B001627,12/10/1999,649,661,639,649.67
B001627,12/10/1999,852,829,840,840.33
B001627,12/10/1999,633,615,609,619.00
B001627,12/10/1999,719,709,715,714.33
B001627,12/10/1999,695,727,711,711.00
B001724,12/20/1999,545,567,551,554.33
B001724,12/20/1999,552,543,541,545.33
B001724,12/20/1999,468,455,449,457.33
B001724,12/20/1999,649,683,666,666.00
B001724,12/20/1999,562,523,550,545.00
B001724,12/20/1999,605,590,603,599.33
B001724,12/20/1999,588,574,614,592.00
B001724,12/20/1999,750,767,739,752.00
B001724,12/20/1999,789,772,769,776.67
B001724,12/20/1999,721,719,710,716.67
B001724,12/20/1999,630,666,639,645.00
B001724,12/20/1999,612,631,645,629.33
B001724,12/20/1999,565,574,591,576.67
B001724,12/20/1999,638,610,580,609.33
B001724,12/20/1999,545,567,551,554.33
B001724,12/20/1999,552,543,541,545.33
B001724,12/20/1999,468,455,449,457.33
B001724,12/20/1999,649,683,666,666.00
B001724,12/20/1999,561,623,550,578.00
B001724,12/20/1999,605,590,603,599.33
B001724,12/20/1999,588,574,614,592.00
B001724,12/20/1999,750,767,739,752.00
B001724,12/20/1999,789,772,769,776.67
B001724,12/20/1999,721,719,710,716.67
B001724,12/20/1999,630,666,639,645.00
B001724,12/20/1999,612,631,645,629.33
B001724,12/20/1999,565,574,591,576.67
B001724,12/20/1999,638,610,580,609.33
B001711,1/7/2000,525,540,523,529.33
B001711,1/7/2000,560,574,550,561.33
B001711,1/7/2000,251,249,248,249.33
B001711,1/7/2000,446,424,430,433.33
B001711,1/7/2000,396,373,396,388.33
B001711,1/7/2000,452,432,429,437.67
B001711,1/7/2000,423,443,437,434.33
B001711,1/7/2000,383,367,385,378.33
B001711,1/7/2000,375,379,408,387.33
B001711,1/7/2000,401,398,399,399.33
B001711,1/7/2000,345,365,340,350.00
B001711,1/7/2000,395,367,385,382.33
B001711,1/7/2000,436,449,458,447.67
B008162,1/13/2000,575,549,562,562.00
B008162,1/13/2000,492,488,475,485.00
B008162,1/13/2000,511,501,493,501.67
B008162,1/13/2000,562,549,537,549.33
B008162,1/13/2000,589,599,582,590.00
B008162,1/13/2000,575,565,559,566.33
B008162,1/13/2000,670,665,669,668.00
B008162,1/13/2000,603,619,592,604.67
B008162,1/13/2000,585,599,572,585.33
B008162,1/13/2000,435,425,411,423.67
B008162,1/13/2000,611,623,609,614.33
B008162,1/13/2000,607,603,589,599.67
B008162,1/13/2000,629,630,641,633.33
B008162,1/13/2000,688,698,679,688.33
B001617,1/14/2000,598,607,588,597.67
B001617,1/14/2000,575,566,559,566.67
B001617,1/14/2000,457,435,461,451.00
B001617,1/14/2000,522,535,542,533.00
B001617,1/14/2000,545,519,527,530.33
B001617,1/14/2000,488,475,462,475.00
B001617,1/14/2000,562,575,569,568.67
B001617,1/14/2000,513,522,530,521.67
B001617,1/14/2000,501,511,507,506.33
B001617,1/14/2000,475,465,470,470.00
B001617,1/14/2000,495,489,512,498.67
B001617,1/14/2000,445,439,452,445.33
B001617,1/14/2000,432,418,420,423.33
B001617,1/14/2000,455,429,439,441.00
B008152,1/20/2000,575,566,569,570.00
B008152,1/20/2000,582,572,568,574.00
B008152,1/20/2000,595,582,601,592.67
B008152,1/20/2000,555,565,549,556.33
B008152,1/20/2000,579,599,582,586.67
B008152,1/20/2000,611,623,607,613.67
B008152,1/20/2000,635,619,622,625.33
B008152,1/20/2000,601,609,611,607.00
B008152,1/20/2000,551,561,571,561.00
B008152,1/20/2000,569,557,547,557.67
B008152,1/20/2000,529,535,542,535.33
B008152,1/20/2000,565,570,568,567.67
B008152,1/20/2000,582,592,579,584.33
B008152,1/20/2000,575,562,555,564.00
B001605,2/7/2000,839,822,847,836.00
B001605,2/7/2000,727,710,734,723.67
B001605,2/7/2000,729,724,751,734.67
B001605,2/7/2000,785,793,768,782.00
B001605,2/7/2000,737,733,703,724.33
B001605,2/7/2000,824,832,843,833.00
B001605,2/7/2000,847,866,833,848.67
B001605,2/7/2000,746,732,719,732.33
B001605,2/7/2000,759,729,732,740.00
B001605,2/7/2000,703,695,697,698.33
B012590,2/14/2000,3976,3957,3874,3935.67
B012590,2/14/2000,3353,3415,3299,3355.67
B012590,2/14/2000,3681,3505,3456,3547.33
B012590,2/14/2000,4438,4297,4389,4374.67
B012590,2/14/2000,5023,5112,4990,5041.67
B012590,2/14/2000,1899,1881,1865,1881.67
B012590,2/14/2000,1732,1694,1680,1702.00
B012590,2/14/2000,4388,4329,4362,4359.67
B012590,2/14/2000,3995,4190,4129,4104.67
B012590,2/14/2000,8816,8800,8604,8740.00
B012590,2/14/2000,9579,9516,9499,9531.33
B012590,2/14/2000,16382,16276,16852,16503.33
B012590,2/14/2000,13252,13462,13987,13567.00
B001591,2/15/2000,43327,43020,,43173.50
B001591,2/15/2000,31417,33740,33823,32993.33
B001591,2/15/2000,31542,31213,31563,31439.33
B001591,2/15/2000,43403,42487,42676,42855.33
B001591,2/15/2000,45592,47132,46036,46253.33
B001591,2/15/2000,3615,3711,3610,3645.33
B001591,2/15/2000,3834,3818,3800,3817.33
B001591,2/15/2000,1278,1472,1408,1386.00
B001591,2/15/2000,1316,1349,1233,1299.33
B001591,2/15/2000,1862,2125,1973,1986.67
B001591,2/15/2000,2155,2148,1934,2079.00
B001591,2/15/2000,296,320,330,315.33
B001591,2/15/2000,309,365,294,322.67
B001568,2/17/2000,4745,4924,4732,4800.33
B001568,2/17/2000,3712,3811,3790,3771.00
B001568,2/17/2000,4012,3922,3939,3957.67
B001568,2/17/2000,4811,4927,4993,4910.33
B001568,2/17/2000,4110,4219,4279,4202.67
B001568,2/17/2000,2493,2337,2338,2389.33
B001568,2/17/2000,2417,2491,2364,2424.00
B001568,2/17/2000,5322,5286,5218,5275.33
B001568,2/17/2000,5198,5239,5203,5213.33
B001568,2/17/2000,4120,4132,4107,4119.67
B001568,2/17/2000,4217,4107,4198,4174.00
B001568,2/17/2000,13006,13153,13122,13093.67
B001568,2/17/2000,12895,12798,12957,12883.33
B001592,2/18/2000,3976,3957,3874,3935.67
B001592,2/18/2000,3353,3415,3299,3355.67
B001592,2/18/2000,3681,3505,3456,3547.33
B001592,2/18/2000,4438,4297,4389,4374.67
B001592,2/18/2000,5023,5112,4990,5041.67
B001592,2/18/2000,1849,1881,1865,1865.00
B001592,2/18/2000,1732,1694,1680,1702.00
B001592,2/18/2000,4388,4329,4362,4359.67
B001592,2/18/2000,3995,4190,4129,4104.67
B001592,2/18/2000,8816,8800,8604,8740.00
B001592,2/18/2000,9579,9516,9499,9531.33
B001592,2/18/2000,16382,16276,16852,16503.33
B001592,2/18/2000,13252,13462,13897,13537.00
B001698,2/28/2000,511,526,532,523.00
B001698,2/28/2000,546,530,519,531.67
B001698,2/28/2000,520,540,593,551.00
B001698,2/28/2000,475,495,482,484.00
B001698,2/28/2000,531,521,547,533.00
B001698,2/28/2000,480,499,501,493.33
B001698,2/28/2000,507,519,489,505.00
B001698,2/28/2000,465,472,482,473.00
B001698,2/28/2000,555,532,521,536.00
B001698,2/28/2000,411,408,429,416.00
B001698,2/28/2000,460,469,472,467.00
B001698,2/28/2000,422,410,404,412.00
B013195,3/16/2000,512,530,526,522.67
B013195,3/16/2000,532,541,552,541.67
B013195,3/16/2000,540,569,561,556.67
B013195,3/16/2000,548,532,539,539.67
B013195,3/16/2000,511,531,522,521.33
B013195,3/16/2000,542,555,562,553.00
B013195,3/16/2000,575,589,579,581.00
B013195,3/16/2000,450,479,462,463.67
B013195,3/16/2000,537,559,547,547.67
B013195,3/16/2000,571,590,582,581.00
B013279,3/23/2000,478,468,456,467.33
B013279,3/23/2000,543,543,530,538.67
B013279,3/23/2000,490,475,471,478.67
B013279,3/23/2000,466,449,432,449.00
B013279,3/23/2000,365,365,360,363.33
B013279,3/23/2000,196,192,169,185.67
B013185,3/24/2000,532,549,559,546.67
B013185,3/24/2000,574,560,552,562.00
B013185,3/24/2000,579,582,563,574.67
B013185,3/24/2000,575,559,571,568.33
B013185,3/24/2000,532,555,543,543.33
B013185,3/24/2000,565,575,562,567.33
B013185,3/24/2000,511,529,539,526.33
B013185,3/24/2000,498,475,481,484.67
B013185,3/24/2000,519,545,529,531.00
B013185,3/24/2000,550,566,542,552.67
B013267,3/30/2000,512,539,547,532.67
B013267,3/30/2000,480,490,469,479.67
B013267,3/30/2000,575,590,595,586.67
B013267,3/30/2000,435,452,442,443.00
B013267,3/30/2000,2490,2565,2511,2522.00
B013267,3/30/2000,5100,5223,5112,5145.00
B013267,3/30/2000,4617,4479,4579,4558.33
B013267,3/30/2000,16111,15892,16389,16130.67
B013175,3/31/2000,501,512,523,512.00
B013175,3/31/2000,475,455,449,459.67
B013175,3/31/2000,411,393,401,401.67
B013175,3/31/2000,375,382,392,383.00
B013175,3/31/2000,520,535,511,522.00
B013175,3/31/2000,535,555,549,546.33
B013175,3/31/2000,575,565,582,574.00
B013175,3/31/2000,589,575,580,581.33
B013175,3/31/2000,566,552,539,552.33
B013175,3/31/2000,592,599,572,587.67
B013251,4/3/2000,475,492,487,484.67
B013251,4/3/2000,512,509,521,514.00
B013251,4/3/2000,535,549,555,546.33
B013251,4/3/2000,556,551,575,560.67
B013251,4/3/2000,2485,2366,2392,2414.33
B013251,4/3/2000,5011,4990,4819,4940.00
B013251,4/3/2000,4103,4089,4232,4141.33
B013251,4/3/2000,14930,15320,15112,15120.67
B013237,4/10/2000,540,569,562,557.00
B013237,4/10/2000,555,549,562,555.33
B013237,4/10/2000,515,529,535,526.33
B013237,4/10/2000,475,489,467,477.00
B013237,4/10/2000,495,512,488,498.33
B013237,4/10/2000,501,509,507,505.67
B012401,6/9/2000,157,164,193,171.33
B012401,6/9/2000,155,173,156,161.33
B012401,6/9/2000,154,136,152,147.33
B012401,6/9/2000,131,123,119,124.33
B012401,6/9/2000,161,152,166,159.67
B012401,6/9/2000,139,176,126,147.00
B012401,6/9/2000,132,142,155,143.00
B012401,6/9/2000,168,176,155,166.33
B001443,6/19/2000,592,569,575,578.67
B001443,6/19/2000,601,623,617,613.67
B001443,6/19/2000,509,523,535,522.33
B001443,6/19/2000,542,567,572,560.33
B001443,6/19/2000,511,532,542,528.33
B001443,6/19/2000,635,652,666,651.00
B001443,6/19/2000,562,589,555,568.67
B001443,6/19/2000,611,589,598,599.33
B001443,6/19/2000,581,592,571,581.33
B001443,6/19/2000,610,639,621,623.33
B001852,6/20/2000,750,769,742,753.67
B001852,6/20/2000,645,685,672,667.33
B001852,6/20/2000,711,739,742,730.67
B001852,6/20/2000,675,666,672,671.00
B001852,6/20/2000,766,742,752,753.33
B001852,6/20/2000,639,652,647,646.00
B001852,6/20/2000,709,721,735,721.67
B001852,6/20/2000,741,729,721,730.33
B001852,6/20/2000,762,777,759,766.00
B001852,6/20/2000,756,742,766,754.67
B001915,6/23/2000,568,588,571,575.67
B001915,6/23/2000,579,593,569,580.33
B001915,6/23/2000,592,575,561,576.00
B001915,6/23/2000,531,511,520,520.67
B001915,6/23/2000,576,556,587,573.00
B001915,6/23/2000,566,589,572,575.67
B001915,6/23/2000,609,632,621,620.67
B001915,6/23/2000,545,519,562,542.00
B001915,6/23/2000,575,559,561,565.00
B001915,6/23/2000,615,589,602,602.00
B001842,6/26/2000,611,629,633,624.33
B001842,6/26/2000,590,631,619,613.33
B001842,6/26/2000,582,571,585,579.33
B001842,6/26/2000,662,679,649,663.33
B001842,6/26/2000,562,582,592,578.67
B001842,6/26/2000,637,639,655,643.67
B001842,6/26/2000,581,609,622,604.00
B001842,6/26/2000,629,639,641,636.33
B001842,6/26/2000,693,688,672,684.33
B001842,6/26/2000,763,777,749,763.00
B001402,7/17/2000,549,562,571,560.67
B001402,7/17/2000,501,522,519,514.00
B001402,7/17/2000,528,511,532,523.67
B001402,7/17/2000,560,569,542,557.00
B001402,7/17/2000,507,521,511,513.00
B001402,7/17/2000,482,472,495,483.00
B001402,7/17/2000,582,595,579,585.33
B001402,7/17/2000,537,552,542,543.67
B001402,7/17/2000,477,468,492,479.00
B001402,7/17/2000,544,569,555,556.00
B001831,7/17/2000,612,648,631,630.33
B001831,7/17/2000,652,639,627,639.33
B001831,7/17/2000,612,633,649,631.33
B001831,7/17/2000,656,677,642,658.33
B001831,7/17/2000,607,592,580,593.00
B001831,7/17/2000,657,671,662,663.33
B001831,7/17/2000,641,639,621,633.67
B001831,7/17/2000,526,536,546,536.00
B001831,7/17/2000,630,659,662,650.33
B001831,7/17/2000,599,619,640,619.33
B001831,7/17/2000,613,637,651,633.67
B001831,7/17/2000,673,685,666,674.67
B001831,7/17/2000,581,574,583,579.33
B001831,7/17/2000,679,659,651,663.00
B001821,7/24/2000,407,403,401,403.67
B001821,7/24/2000,420,410,447,425.67
B001821,7/24/2000,520,535,541,532.00
B001821,7/24/2000,559,572,566,565.67
B001821,7/24/2000,511,519,531,520.33
B001821,7/24/2000,551,561,535,549.00
B001821,7/24/2000,521,537,518,525.33
B001821,7/24/2000,532,541,553,542.00
B001821,7/24/2000,481,472,461,471.33
B001821,7/24/2000,495,499,519,504.33
B001821,7/24/2000,512,507,532,517.00
B001821,7/24/2000,455,439,429,441.00
B001821,7/24/2000,595,609,589,597.67
B001821,7/24/2000,575,581,562,572.67
B001392,7/31/2000,589,571,565,575.00
B001392,7/31/2000,522,539,551,537.33
B001392,7/31/2000,573,585,580,579.33
B001392,7/31/2000,519,533,521,524.33
B001392,7/31/2000,566,519,539,541.33
B001392,7/31/2000,559,541,521,540.33
B001392,7/31/2000,621,609,611,613.67
B001392,7/31/2000,529,546,566,547.00
B001392,7/31/2000,495,505,517,505.67
B001392,7/31/2000,611,600,621,610.67
B001383,8/4/2000,511,529,530,523.33
B001383,8/4/2000,575,585,562,574.00
B001383,8/4/2000,532,519,541,530.67
B001383,8/4/2000,475,495,512,494.00
B001383,8/4/2000,533,569,542,548.00
B001383,8/4/2000,509,521,517,515.67
B001383,8/4/2000,592,581,572,581.67
B001383,8/4/2000,535,549,562,548.67
B001383,8/4/2000,502,519,535,518.67
B001383,8/4/2000,435,475,462,457.33
B001383,8/4/2000,544,565,575,561.33
B001383,8/4/2000,517,529,545,530.33
B001383,8/4/2000,498,475,525,499.33
B001383,8/4/2000,479,509,513,500.33
B001810,8/4/2000,507,519,531,519.00
B001810,8/4/2000,532,557,525,538.00
B001810,8/4/2000,536,542,562,546.67
B001810,8/4/2000,569,576,582,575.67
B001810,8/4/2000,622,607,619,616.00
B001810,8/4/2000,551,572,561,561.33
B001810,8/4/2000,582,571,591,581.33
B001810,8/4/2000,571,581,592,581.33
B001810,8/4/2000,566,519,539,541.33
B001810,8/4/2000,569,532,547,549.33
B001810,8/4/2000,539,555,567,553.67
B001810,8/4/2000,572,599,581,584.00
B001810,8/4/2000,511,514,492,505.67
B001810,8/4/2000,541,531,561,544.33
B001906,8/7/2000,659,672,681,670.67
B001906,8/7/2000,613,635,622,623.33
B001906,8/7/2000,679,689,661,676.33
B001906,8/7/2000,652,632,619,634.33
B001906,8/7/2000,617,632,642,630.33
B001906,8/7/2000,677,690,670,679.00
B001906,8/7/2000,609,631,621,620.33
B001906,8/7/2000,649,666,672,662.33
B001906,8/7/2000,633,642,655,643.33
B001906,8/7/2000,661,649,657,655.67
B001906,8/7/2000,671,689,666,675.33
B001906,8/7/2000,639,659,642,646.67
B001906,8/7/2000,622,619,601,614.00
B001906,8/7/2000,688,671,659,672.67
B001895,8/11/2000,537,555,562,551.33
B001895,8/11/2000,511,509,531,517.00
B001895,8/11/2000,569,577,552,566.00
B001895,8/11/2000,511,529,537,525.67
B001895,8/11/2000,581,572,562,571.67
B001895,8/11/2000,601,592,589,594.00
B001895,8/11/2000,532,549,562,547.67
B001895,8/11/2000,532,547,561,546.67
B001895,8/11/2000,517,509,528,518.00
B001895,8/11/2000,581,599,572,584.00
B001895,8/11/2000,549,567,550,555.33
B001895,8/11/2000,489,499,513,500.33
B001895,8/11/2000,533,561,547,547.00
B001895,8/11/2000,561,574,539,558.00
B001799,9/18/2000,449,432,416,432.33
B001799,9/18/2000,472,482,461,471.67
B001799,9/18/2000,412,435,460,435.67
B001799,9/18/2000,371,356,383,370.00
B001799,9/18/2000,428,456,439,441.00
B001799,9/18/2000,433,452,449,444.67
B001799,9/18/2000,476,461,452,463.00
B001799,9/18/2000,516,529,541,528.67
B001799,9/18/2000,423,450,462,445.00
B001799,9/18/2000,389,390,415,398.00
B001799,9/18/2000,471,461,455,462.33
B001799,9/18/2000,511,526,539,525.33
B001799,9/18/2000,490,472,463,475.00
B001799,9/18/2000,590,571,581,580.67
B001373,10/6/2000,601,565,593,586.33
B001373,10/6/2000,594,585,572,583.67
B001373,10/6/2000,662,616,622,633.33
B001373,10/6/2000,591,572,599,587.33
B001373,10/6/2000,531,552,549,544.00
B001373,10/6/2000,562,572,581,571.67
B001373,10/6/2000,600,619,583,600.67
B001373,10/6/2000,532,545,563,546.67
B001373,10/6/2000,637,659,629,641.67
B001373,10/6/2000,581,561,549,563.67
B001373,10/6/2000,566,593,573,577.33
B001373,10/6/2000,609,623,633,621.67
B001373,10/6/2000,513,500,529,514.00
B001373,10/6/2000,600,647,636,627.67
B001357,10/9/2000,577,592,563,577.33
B001357,10/9/2000,611,607,653,623.67
B001357,10/9/2000,581,593,617,597.00
B001357,10/9/2000,633,645,619,632.33
B001357,10/9/2000,511,537,549,532.33
B001357,10/9/2000,544,562,573,559.67
B001357,10/9/2000,666,672,693,677.00
B001357,10/9/2000,601,572,633,602.00
B001357,10/9/2000,511,529,541,527.00
B001357,10/9/2000,532,555,562,549.67
B001357,10/9/2000,513,549,562,541.33
B001357,10/9/2000,562,539,547,549.33
B001357,10/9/2000,560,542,522,541.33
B001357,10/9/2000,680,669,671,673.33
B001432,10/16/2000,478,429,444,450.33
B001432,10/16/2000,501,519,535,518.33
B001432,10/16/2000,418,439,452,436.33
B001432,10/16/2000,431,422,445,432.67
B001432,10/16/2000,511,539,517,522.33
B001432,10/16/2000,488,472,462,474.00
B001432,10/16/2000,459,463,440,454.00
B001432,10/16/2000,535,511,545,530.33
B001432,10/16/2000,455,462,471,462.67
B001432,10/16/2000,435,455,469,453.00
B001432,10/16/2000,501,518,507,508.67
B001432,10/16/2000,447,467,440,451.33
B001432,10/16/2000,466,472,444,460.67
B001432,10/16/2000,503,489,492,494.67
B001416,10/16/2000,541,564,543,549.33
B001416,10/16/2000,493,509,489,497.00
B001416,10/16/2000,523,522,511,518.67
B001416,10/16/2000,555,543,563,553.67
B001416,10/16/2000,509,521,512,514.00
B001416,10/16/2000,623,611,643,625.67
B001416,10/16/2000,598,607,588,597.67
B001416,10/16/2000,537,531,520,529.33
B001416,10/16/2000,553,540,532,541.67
B001416,10/16/2000,517,508,521,515.33
B001416,10/16/2000,574,563,559,565.33
B001416,10/16/2000,526,513,520,519.67
B001416,10/16/2000,563,579,588,576.67
B001416,10/16/2000,600,593,588,593.67
B019483,12/18/2000,1232,1209,1265,1235.33
B019483,12/18/2000,2715,2620,2702,2679.00
B019483,12/18/2000,4688,4336,4734,4586.00
B019483,12/18/2000,3389,3356,3387,3377.33
B019483,12/18/2000,3674,3592,3633,3633.00
B019483,12/18/2000,4846,4822,4888,4852.00
B019483,12/18/2000,4414,4549,4327,4430.00
B019483,12/18/2000,4116,4010,4114,4080.00
B019483,12/18/2000,5151,5125,5068,5114.67
B019483,12/18/2000,4263,4058,4013,4111.33
B008062,1/31/2000,680,667,672,673.00
B008062,1/31/2000,639,621,645,635.00
B008062,1/31/2000,609,617,629,618.33
B008062,1/31/2000,666,675,689,676.67
B008062,1/31/2000,721,742,719,727.33
B008062,1/31/2000,690,710,693,697.67
B008062,1/31/2000,666,650,645,653.67
B008062,1/31/2000,701,709,713,707.67
B008062,1/31/2000,675,667,658,666.67
B008062,1/31/2000,635,611,623,623.00
B008062,1/31/2000,685,670,693,682.67
B008062,1/31/2000,711,729,730,723.33
B008062,1/31/2000,721,735,749,735.00
B008062,1/31/2000,735,759,750,748.00
B001010,3/8/2001,566,573,582,573.67
B001010,3/8/2001,619,645,634,632.67
B001010,3/8/2001,667,662,639,656.00
B001010,3/8/2001,630,619,636,628.33
B001010,3/8/2001,664,649,655,656.00
B001010,3/8/2001,533,522,519,524.67
B001010,3/8/2001,644,632,621,632.33
B001012,3/12/2001,187,165,172,174.67
B001012,3/12/2001,111,109,119,113.00
B001012,3/12/2001,250,261,243,251.33
B001012,3/12/2001,263,249,270,260.67
B001012,3/12/2001,240,238,227,235.00
B001012,3/12/2001,261,275,270,268.67
B001012,3/12/2001,240,238,227,235.00
B001012,3/12/2001,160,171,181,170.67
B001012,3/12/2001,111,120,109,113.33
B001012,3/12/2001,241,238,229,236.00
B001012,3/12/2001,232,241,247,240.00
B001012,3/12/2001,243,261,251,251.67
B001012,3/12/2001,229,231,221,227.00
B001012,3/12/2001,241,227,251,239.67
B000978,3/19/2001,512,534,545,530.33
B000978,3/19/2001,555,523,539,539.00
B000978,3/19/2001,516,525,533,524.67
B000978,3/19/2001,577,566,553,565.33
B000978,3/19/2001,511,509,495,505.00
B000978,3/19/2001,583,568,562,571.00
B000980,3/23/2001,1130,1145,1165,1146.67
B000980,3/23/2001,440,421,435,432.00
B000980,3/23/2001,1100,1082,1075,1085.67
B000980,3/23/2001,998,1005,1021,1008.00
B000980,3/23/2001,1217,1178,1169,1188.00
B000980,3/23/2001,960,982,971,971.00
B000980,3/23/2001,982,1015,999,998.67
B000954,3/26/2001,612,632,643,629.00
B000954,3/26/2001,633,621,654,636.00
B000954,3/26/2001,634,654,666,651.33
B000954,3/26/2001,635,619,644,632.67
B000954,3/26/2001,579,598,609,595.33
B000954,3/26/2001,599,641,642,627.33
B000954,3/26/2001,598,601,582,593.67
B000957,3/30/2001,385,395,361,380.33
B000957,3/30/2001,1211,1235,1224,1223.33
B000957,3/30/2001,1192,1185,1197,1191.33
B000957,3/30/2001,1209,1215,1222,1215.33
B000957,3/30/2001,1175,1187,1195,1185.67
B000957,3/30/2001,1190,1181,1192,1187.67
B000957,3/30/2001,1165,1180,1172,1172.33
B000957,3/30/2001,365,380,377,374.00
B000957,3/30/2001,1127,1135,1145,1135.67
B000957,3/30/2001,1207,1229,1217,1217.67
B000957,3/30/2001,1177,1189,1162,1176.00
B000957,3/30/2001,1150,1169,1141,1153.33
B000957,3/30/2001,1135,1169,1147,1150.33
B000957,3/30/2001,1081,1065,1047,1064.33
B000928,4/6/2001,580,565,571,572.00
B000928,4/6/2001,572,578,561,570.33
B000928,4/6/2001,527,530,544,533.67
B000928,4/6/2001,566,571,561,566.00
B000928,4/6/2001,572,571,565,569.33
B000928,4/6/2001,554,551,569,558.00
B000928,4/6/2001,533,521,511,521.67
B007371,4/16/2001,841,834,858,844.33
B007371,4/16/2001,566,563,524,551.00
B007371,4/16/2001,799,800,861,820.00
B007371,4/16/2001,599,588,592,593.00
B007371,4/16/2001,593,584,578,585.00
B007371,4/16/2001,668,721,724,704.33
B007371,4/16/2001,582,603,625,603.33
B007371,4/16/2001,633,636,678,649.00
B007371,4/16/2001,587,575,602,588.00
B007371,4/16/2001,537,618,573,576.00
B007371,4/16/2001,612,655,579,615.33
B007371,4/16/2001,551,571,525,549.00
B007371,4/16/2001,494,445,491,476.67
B007367,4/16/2001,5953,5976,5793,5907.33
B007367,4/16/2001,7161,7069,7125,7118.33
B007367,4/16/2001,6363,6635,6434,6477.33
B007367,4/16/2001,6533,6834,6663,6676.67
B007367,4/16/2001,5070,5248,5268,5195.33
B007367,4/16/2001,6514,6804,6550,6622.67
B007367,4/16/2001,5702,5893,5957,5850.67
B011820,5/14/2001,7247,7144,7193,7194.67
B011820,5/14/2001,8432,8315,8160,8302.33
B011820,5/14/2001,6304,6484,6415,6401.00
B011820,5/14/2001,6741,6821,6661,6741.00
B011820,5/14/2001,5462,5530,5384,5458.67
B011820,5/14/2001,5955,5865,5708,5842.67
B011820,5/14/2001,5792,5813,5739,5781.33
B011821,5/14/2001,764,676,684,708.00
B011821,5/14/2001,697,719,669,695.00
B011821,5/14/2001,773,784,726,761.00
B011821,5/14/2001,938,903,856,899.00
B011821,5/14/2001,802,789,815,802.00
B011821,5/14/2001,804,784,794,794.00
B011821,5/14/2001,759,791,807,785.67
B011821,5/14/2001,634,601,618,617.67
B011821,5/14/2001,665,655,671,663.67
B011821,5/14/2001,624,646,672,647.33
B011821,5/14/2001,638,594,589,607.00
B011821,5/14/2001,688,729,666,694.33
B011821,5/14/2001,536,523,515,524.67
B011821,5/14/2001,399,424,420,414.33
B002128,6/19/2001,715,713,693,707.00
B002128,6/19/2001,725,697,677,699.67
B002128,6/19/2001,647,571,503,573.67
B002128,6/19/2001,533,669,677,626.33
B002128,6/19/2001,535,499,510,514.67
B002128,6/19/2001,514,494,515,507.67
B002128,6/19/2001,510,532,530,524.00
B002135,6/22/2001,2250,2358,2232,2280.00
B002135,6/22/2001,2217,2136,2083,2145.33
B002135,6/22/2001,2806,2883,2796,2828.33
B002135,6/22/2001,3084,3175,3054,3104.33
B002135,6/22/2001,1948,1948,1914,1936.67
B002135,6/22/2001,1901,1858,1764,1841.00
B002135,6/22/2001,1856,1786,1726,1789.33
B007457,7/16/2001,2503,2631,2542,2558.67
B007457,7/16/2001,2411,2478,2399,2429.33
B007457,7/16/2001,2616,2806,2650,2690.67
B007457,7/16/2001,2692,2730,2659,2693.67
B007457,7/16/2001,2224,2289,2213,2242.00
B007457,7/16/2001,2206,2335,2294,2278.33
B007457,7/16/2001,2497,2317,2410,2408.00
B007457,7/16/2001,2087,2138,2051,2092.00
